"Txhash","Blockno","UnixTimestamp","DateTime","From","To","Quantity"
"0xc75698126fe71224e54fb9932f69d9c19d00431a0ff580ca6f96a4cbbdb9d2d6","8843386","1572482102","10/31/2019 12:35:02 AM","0x6efb20f61b80f6a7ebe7a107bace58288a51fb34","0x288b7b62913fe8ac6b3d01fe1c463a07f090887a","10000"
"0x07576932ef5e53cec96876d9b959f9b7ebec19c0f9b8590e2c2a03aef3ce32dd","8843413","1572482562","10/31/2019 12:42:42 AM","0xd57af3824064ccd96faaf7a7489b34d70b35e817","0x6efb20f61b80f6a7ebe7a107bace58288a51fb34","4739.690071"
"0xa7b00ca04b11c4b920ebd167166f2e95f7058c421adea4c417ea47f08a1d49f9","8843420","1572482622","10/31/2019 12:43:42 AM","0x6efb20f61b80f6a7ebe7a107bace58288a51fb34","0xd67eb003ee4942a30d262abc18beee59db2287c5","204.76"
"0x6ce44e92e55f64abf1420017443a79fe9e31fcbca7fcd75d91f33789b2ec8165","8843424","1572482685","10/31/2019 12:44:45 AM","0x6efb20f61b80f6a7ebe7a107bace58288a51fb34","0x6d004bdc7ceec5b54eb3216860b2448ad482a4b9","1798"
"0x259e47984e710992b4571761f156aa94d0b8fe7860d1c4aaf8d046055cf4a269","8843429","1572482766","10/31/2019 12:46:06 AM","0x6efb20f61b80f6a7ebe7a107bace58288a51fb34","0x040a50bbe0706abdcb53fbc03f7cd00e9b6eebc8","421.13"
"0x00737f2df1141c4b45e618781fe3fd0a622b8b5f5969d970362f504a5859e498","8843455","1572483236","10/31/2019 12:53:56 AM","0x6efb20f61b80f6a7ebe7a107bace58288a51fb34","0xc02d926aef1ecb519764ea8a94c3da6b14fd9687","6040.53"
"0xb898be8f74c39db46a291a403c0bd0455aaab2db733a9aa729478994b754bb84","8843466","1572483404","10/31/2019 12:56:44 AM","0xe4590ff3c1335a05d32007d575ede1d6981727c4","0x6efb20f61b80f6a7ebe7a107bace58288a51fb34","1355.124426"
"0xe554ee71a4313d2baf4cc1cff7eae3a1b3bc17cea0eb41a0fab2b40a6e83f24c","8843486","1572483784","10/31/2019 1:03:04 AM","0x6efb20f61b80f6a7ebe7a107bace58288a51fb34","0x07187c4e6e67b655814ff44d3454b3e7de6e4b22","400.99"
"0x1847028d8d230c778d0a3f8401484e979b533b4a1ad617865488758db40a8190","8843517","1572484211","10/31/2019 1:10:11 AM","0xf2bb2025f8e80a787f69bc3df4db2cdd5b8c3cb0","0x6efb20f61b80f6a7ebe7a107bace58288a51fb34","573.745907"
"0x6f6ee9365a4d12ed9520e788c43f1a8f64579407bee9e7b3a6badc6ec9a31f88","8843520","1572484263","10/31/2019 1:11:03 AM","0x6efb20f61b80f6a7ebe7a107bace58288a51fb34","0xd0adb388ca40396ddbd60cfa72e6f4ac41c87cf9","11775"
"0x134e8d637cd769bf26c9f834ba101f26bdbfdd201df179d55672f7b31f46ddc3","8843542","1572484577","10/31/2019 1:16:17 AM","0x6efb20f61b80f6a7ebe7a107bace58288a51fb34","0x890c32c56487cd18d165685aa21a742e81c76a46","14003.8"
"0xd0c6e5bbf32a8bf02074bfa2da8fbbb08684a5de93d85faa01e304205dfe86d7","8843582","1572485037","10/31/2019 1:23:57 AM","0x8485484347f2f51b627e509065362c1cc566913a","0x6efb20f61b80f6a7ebe7a107bace58288a51fb34","24987.632639"
"0x3d6e22c02629043dba18d8872990696471d39123e8b19dca763b22e6142e5b84","8843627","1572485516","10/31/2019 1:31:56 AM","0x6efb20f61b80f6a7ebe7a107bace58288a51fb34","0xce6087a4958002e8eedfc6be48ae19abfddc800d","280.09"
"0xf694b2c9ab592892347166723c35db6100a5c02ba98839df9ad5638c395aac40","8843656","1572485917","10/31/2019 1:38:37 AM","0x8e662ab59c7493385bcf0897ed869ea943928d6a","0x6efb20f61b80f6a7ebe7a107bace58288a51fb34","133.56413"
"0xccd51d42103e9b106c507f22c2ab5be0777c540c61bc845e82a43ccb3850b7ce","8843665","1572486062","10/31/2019 1:41:02 AM","0x6efb20f61b80f6a7ebe7a107bace58288a51fb34","0x8129e3b26d100c1ed957e385af5c66b2a26eee98","632"
"0xbe627f4dcc72d0d304b961415cc9aaf4e00580b78f4f0f8f72277cc56a90d04d","8843668","1572486165","10/31/2019 1:42:45 AM","0x94c67962ee9ede08862340de3404c200f4d5c46c","0x6efb20f61b80f6a7ebe7a107bace58288a51fb34","259.99"
"0x2179a04201d14692709552fe3e1304af1725590526604c6b077db58e53f36845","8843669","1572486186","10/31/2019 1:43:06 AM","0x6efb20f61b80f6a7ebe7a107bace58288a51fb34","0xecaa982107ce55808ceb08205c2b1718de7552cf","632"
"0x46edb19fe0271bb12c056c794c5805b83fdad9cd85e277526202785b26299bce","8843683","1572486422","10/31/2019 1:47:02 AM","0x6efb20f61b80f6a7ebe7a107bace58288a51fb34","0xfa360ad597479420aa4d3bbefbe989b6e913951c","419"
"0xd4db0a3355015b1d9eadf15349f29a5a7f3dd48eda16f5c49755eef1d59f1553","8843708","1572486661","10/31/2019 1:51:01 AM","0x6efb20f61b80f6a7ebe7a107bace58288a51fb34","0x36a643caf0126fd27a56f9df5a0f419ce5f6587f","62"
"0xf34cc3dfab4393af4ad4631bb85143ac7261632c09ce26ebe0828790925d0917","8843710","1572486723","10/31/2019 1:52:03 AM","0x6efb20f61b80f6a7ebe7a107bace58288a51fb34","0x557b7bd8f0d4f3e82a9869afcaac74cf97e65d8b","180"
"0x8d08648c43aabb16b0ff7cde4605d8637b811343f98699c49eff67e5717bda86","8843719","1572486841","10/31/2019 1:54:01 AM","0x6efb20f61b80f6a7ebe7a107bace58288a51fb34","0x5e5f13771c8f6bb898a48aa2ca166415a6e99921","153.38"
"0xed95073203c48f8081508d5f00e91633f62b70ff2669ffb321a5abc04a501c6d","8843734","1572487131","10/31/2019 1:58:51 AM","0x6efb20f61b80f6a7ebe7a107bace58288a51fb34","0x8db58551372656499b128443206231e67733fc4b","91.15"
"0xaffefcb5a14659ca1142af102ed85e07af71cfbc94e54b34df0be09610ea62b9","8843745","1572487248","10/31/2019 2:00:48 AM","0x6efb20f61b80f6a7ebe7a107bace58288a51fb34","0xb366a45bb0f8fb2696be30962b0866d12c57188c","500"
"0x714595e2c26e42826a4e6acfb6b9ce737720b08603034de12d9069354fca57b1","8843762","1572487495","10/31/2019 2:04:55 AM","0x6efb20f61b80f6a7ebe7a107bace58288a51fb34","0xa479a320b2c69fde04a92c01ada7bb5f3483a531","515"
"0xeb2dc34a84faca7f6c8797143a4311e6ec30f623c4fb787716e2ee9af1c724cf","8843762","1572487495","10/31/2019 2:04:55 AM","0x6efb20f61b80f6a7ebe7a107bace58288a51fb34","0x6fd9718a2fd86bf20e3e98e6541a27b5187faa0a","10"
"0xf7d29d2815304458de2cca8424c04125e457150862e1ef4396a265354a4f92e1","8843762","1572487495","10/31/2019 2:04:55 AM","0x6efb20f61b80f6a7ebe7a107bace58288a51fb34","0xc7de42f43e168d551c2644134b216bea25d778b4","1928.03"
"0xc0773fc8cc67f1251a8432be8a5c2467440603be3893bdfe503764489a24951c","8843770","1572487619","10/31/2019 2:06:59 AM","0x32b31c2f90d6f354827c643713f296751a3b4a19","0x6efb20f61b80f6a7ebe7a107bace58288a51fb34","2104.599999"
"0x3edb3bd1f52a3fa65b383806bd3ecc91d5afce46b014f1b599d09deecd13cd14","8843789","1572487923","10/31/2019 2:12:03 AM","0x6efb20f61b80f6a7ebe7a107bace58288a51fb34","0xf7dfafbbd688ab283dc8e625e4760310ed66bff1","200.55"
"0x1fdfc864f3378f198e6a3ef920707c73dd32ccf0bbb8b6acf1628fea9df6feed","8843793","1572487982","10/31/2019 2:13:02 AM","0x6efb20f61b80f6a7ebe7a107bace58288a51fb34","0x8c4635ef5bc9334b1c9455876ef3184ab8be1f22","399.33"
"0x1fc12ec99fed6f8abdfe08f1163bfd735c6c7928a9f010355a8f864f8fe7d917","8843816","1572488392","10/31/2019 2:19:52 AM","0x6efb20f61b80f6a7ebe7a107bace58288a51fb34","0xe424152428a390c4c55318d0fa2bbd3bfc0aa954","288.45"
"0xb1fa1d8f064704c77fd9d8b5a30b5625b963cb506788a234d8c2603202e5b06a","8843845","1572488765","10/31/2019 2:26:05 AM","0xbfdc30b8cd711255d6a605d9b39def5ba9120a59","0x6efb20f61b80f6a7ebe7a107bace58288a51fb34","2546"
"0xbf09f1a48b5f870a75451134d2b7897d7f96f13e79838ba4db7930f09e149dd3","8843873","1572489127","10/31/2019 2:32:07 AM","0x6efb20f61b80f6a7ebe7a107bace58288a51fb34","0xf2bdbed4c93995a030fbb1a46d64f3fba09b36d0","121.31"
"0x3f6460fd33e7175bdcf59203a5ea7b05be325154e55a6a7107a0bd0334665bad","8843881","1572489261","10/31/2019 2:34:21 AM","0xc8101c0198a2c0cdbe51fd92cf9ae6de66aa8b66","0x6efb20f61b80f6a7ebe7a107bace58288a51fb34","200000"
"0xfb08c4da938d1c9fdb805039d9fa512117442adcc55c60fe289cc70d4321cda2","8843881","1572489261","10/31/2019 2:34:21 AM","0x4a098ece6710d887bf85d94847f54df0b87dbdc8","0x6efb20f61b80f6a7ebe7a107bace58288a51fb34","160.6872"
"0x2b3e9ea59ea4ffef6ed8996f87a6a1e164da5ec9dc69590406782bc10a70dcfe","8843906","1572489610","10/31/2019 2:40:10 AM","0xce61df453e80b06f41911539227cda9808bf18f3","0x6efb20f61b80f6a7ebe7a107bace58288a51fb34","7071"
"0xb1ce7f27d1f978ffe97291f3eca6eee161221ab3b8279d9de4550c16d9994525","8843952","1572490135","10/31/2019 2:48:55 AM","0x6efb20f61b80f6a7ebe7a107bace58288a51fb34","0xe5ac6dc95d6c7f75947c2617d7365c76e5f2e330","160.42"
"0x42536f2a46d5b352f6bc1a591632063292f72468f31b895053d24c6095afcac3","8843956","1572490251","10/31/2019 2:50:51 AM","0x6efb20f61b80f6a7ebe7a107bace58288a51fb34","0x0018ff9a7bfa2ac825ac82212493212926433d6c","1000"
"0x854ecc3a9f6c1761b6c0651724b79aa5989910ccd9324167059f331258a4105f","8843956","1572490251","10/31/2019 2:50:51 AM","0x6efb20f61b80f6a7ebe7a107bace58288a51fb34","0xa555d908bf011058555496274477f96303dbb032","1198"
"0x8590d6aa4b62662b057249bb2f056f82547377fbe6ab682bf01cc2c724863a5b","8843977","1572490575","10/31/2019 2:56:15 AM","0x6efb20f61b80f6a7ebe7a107bace58288a51fb34","0x2a5ad117fbff02fbb1421f6616525bbee80917c4","143.03"
"0x007db7c3df9ba016b6862061d4e2a53b1cfef86f54dabaa54cbae9cfe2adf78c","8843980","1572490621","10/31/2019 2:57:01 AM","0x6efb20f61b80f6a7ebe7a107bace58288a51fb34","0x2944208d258e964e6706d9164355e4d7f2bd4ae7","413.29"
"0x3a47b5e5646aa5dce831aea79bdb92d9c7162d5cf41aaa96aa78f14e3d2d3a7d","8843989","1572490735","10/31/2019 2:58:55 AM","0x8d71b23bfeb667b32548b57a6b07a755ea5f4b05","0x6efb20f61b80f6a7ebe7a107bace58288a51fb34","100"
"0x77b54109da8e31436e0015270abce096d9332ded1eb5f3884a29ac26d18eccdb","8843989","1572490735","10/31/2019 2:58:55 AM","0x2a5ad117fbff02fbb1421f6616525bbee80917c4","0x6efb20f61b80f6a7ebe7a107bace58288a51fb34","143.03"
"0x1b2975b7d2920dc957f96090eb83fdfb4361d250cef8ca408d4ba6bf7425efb5","8843996","1572490804","10/31/2019 3:00:04 AM","0x6efb20f61b80f6a7ebe7a107bace58288a51fb34","0x6fd9718a2fd86bf20e3e98e6541a27b5187faa0a","4081.23"
"0x0c35bf379551d406ca500c2fca1cbb104825ecf0aafd6dd0a1fd0e69e0cb075b","8843999","1572490862","10/31/2019 3:01:02 AM","0x6efb20f61b80f6a7ebe7a107bace58288a51fb34","0x13f0a6515d51d5472008c8eee2505ebc7a22e638","170.73"
"0x5f762ed70ca2cc3563591752eb5a576319553a8ca37f29d2d934c29b903b1f90","8844047","1572491578","10/31/2019 3:12:58 AM","0xdaf3d5a89eedbe18618a2c1d68356f10d5f10a66","0x6efb20f61b80f6a7ebe7a107bace58288a51fb34","132.99"
"0x7ab7d03184284b6c31930943a173bf34ec3df14d71db628d77ce8f1e169d8d79","8844047","1572491578","10/31/2019 3:12:58 AM","0x488f45bf907ac668308488bf671ed0980b1cb85b","0x6efb20f61b80f6a7ebe7a107bace58288a51fb34","115.91589"
"0xd107e7bc7aff9189eeccf96444b1b3bc7d748533aa1b5619da9c73ed841b2c1f","8844056","1572491738","10/31/2019 3:15:38 AM","0x6efb20f61b80f6a7ebe7a107bace58288a51fb34","0x101f9903db05851bb486de07ee04a3686b105614","297.99"
"0xe02fad8479b0cb351ff51372447e19c9193d83b8bdb0216a1e628056fcdc8b6a","8844062","1572491940","10/31/2019 3:19:00 AM","0x6efb20f61b80f6a7ebe7a107bace58288a51fb34","0x2a5ad117fbff02fbb1421f6616525bbee80917c4","141.03"
"0x5b8dd1d0be45d15157e1ef8103f10df4931cf919bca702ca39586fee7356c4ae","8844062","1572491940","10/31/2019 3:19:00 AM","0x6efb20f61b80f6a7ebe7a107bace58288a51fb34","0x59f8348ab8ceed98cd65d90605aae12fd3b4d5d3","701"
"0x553db34f4d960d8f48de628389927491972e822d7eabcc55e09eee0dc49c3329","8844064","1572491986","10/31/2019 3:19:46 AM","0x6efb20f61b80f6a7ebe7a107bace58288a51fb34","0xf7a6365f4973afaa9f916f50c25810d4db6f9288","701"
"0x4a8b1f681ee0f301e2727a4a591ad7c2f5ffc4e4b66408d5202b6793751e46b3","8844071","1572492088","10/31/2019 3:21:28 AM","0x6efb20f61b80f6a7ebe7a107bace58288a51fb34","0xffa11bfafec33c973fff0ac330cba4a2de2d8b74","166.5"
"0x4187f0ebac0f96ac0a188f8507c4b7ac46fd9bfc6efc427c828181636029e213","8844071","1572492088","10/31/2019 3:21:28 AM","0x6efb20f61b80f6a7ebe7a107bace58288a51fb34","0xa74e2dbf58ef6b1dc9532862908870ea86062734","701"
"0x79e89f65f90bad96fbb6d80f558e2032321a2df12d87f46fe66a10d0cf725ca6","8844073","1572492109","10/31/2019 3:21:49 AM","0x086ddc3680806cbc45800ab08b6f883faa1a3549","0x6efb20f61b80f6a7ebe7a107bace58288a51fb34","93.519904"
"0x67289d2ec94351bb23af641cd2177caf411d07a80d95e9ca5f5b8da9fd5ad837","8844073","1572492109","10/31/2019 3:21:49 AM","0x2a5ad117fbff02fbb1421f6616525bbee80917c4","0x6efb20f61b80f6a7ebe7a107bace58288a51fb34","141.03"
"0x5857b934f15005b11fbd00b559355bde7e1168734c3ab0eaa2b93bfb7515f472","8844078","1572492194","10/31/2019 3:23:14 AM","0x6efb20f61b80f6a7ebe7a107bace58288a51fb34","0x56b5f9e10ccbff7b11d8cb849f310bedb9937357","704.11"
"0x1df0964d8c1fdfd54c62ecebaf05de88c2c88d192f267b86170c08afcb3a2b86","8844103","1572492600","10/31/2019 3:30:00 AM","0x6efb20f61b80f6a7ebe7a107bace58288a51fb34","0xffa11bfafec33c973fff0ac330cba4a2de2d8b74","159.1"
"0xa9e2b43ae43b9541701179f6907c696e2e11849ad95f1738f88f81fe58d47a3f","8844116","1572492782","10/31/2019 3:33:02 AM","0x6efb20f61b80f6a7ebe7a107bace58288a51fb34","0x565c70f616e905990541053e5e4daaaa7071e77d","156.04"
"0x307e8802a08d17e7c7a5ac3030c8344cd0fdb61b0f3a07979770afa1d140660c","8844126","1572492844","10/31/2019 3:34:04 AM","0x6efb20f61b80f6a7ebe7a107bace58288a51fb34","0xef5da74e74ee5d1b8c539454cf67de58e3c1d7c9","562.24"
"0x694093d4a835c0a0fbf4574c28aaeee6012c1b897aaa057dd1ade1d1ac435568","8844133","1572492954","10/31/2019 3:35:54 AM","0x5db2fab454d96718e66bf466d0509f40405cde72","0x6efb20f61b80f6a7ebe7a107bace58288a51fb34","395.99"
"0x2d37fda3e250a07e35f191e632e728e6b7514af5a6ac4d93933af4f5f285d1b6","8844147","1572493118","10/31/2019 3:38:38 AM","0x6efb20f61b80f6a7ebe7a107bace58288a51fb34","0x2b3e9eeeb249169c380370e529b38a7639ce98d0","527.77"
"0x51956771872274691c2bdcc2a2a6aa236a9ddc51f633d7b38495c0fc1d63c622","8844159","1572493325","10/31/2019 3:42:05 AM","0x6efb20f61b80f6a7ebe7a107bace58288a51fb34","0xd9c80c5d7c1d968f86f5efefbeb201283e4b91f3","300"
"0x54c9743f56dbc12dd255eacff13831fdd2b89824bd6afa6c4fd13af6c6704946","8844160","1572493343","10/31/2019 3:42:23 AM","0x6efb20f61b80f6a7ebe7a107bace58288a51fb34","0xd020a182b82ec2b3750aaa7614162fad162dd683","272.93"
"0x30d9390905f48298946ac18b230652fe2289bc7f9b58bbd03eae08c13b7e1a2d","8844163","1572493383","10/31/2019 3:43:03 AM","0x6efb20f61b80f6a7ebe7a107bace58288a51fb34","0xbe5f51071e15d82fda0e3c3ed9e320ebe4f07e29","234.04"
"0xcf9396e89542e747df84c712a1ed5f78101e171bc6570313e58d5eb4ac6c550a","8844176","1572493623","10/31/2019 3:47:03 AM","0x6efb20f61b80f6a7ebe7a107bace58288a51fb34","0x68ac09109c3117e9c9fd677e266b77f4053a9a0e","227"
"0xf5be80ba09be4af9aa587f9d21508fbfb6e959a2e8862b36103ec4fdea6ba34f","8844188","1572493733","10/31/2019 3:48:53 AM","0x6efb20f61b80f6a7ebe7a107bace58288a51fb34","0xcec90d2208f8fc2bb8ecf0ea477c3f0aa84c0f33","548"
"0x739138b59bd0399fab776acd331aa773738e37ce614be91b6f3cf9e3f692069a","8844188","1572493733","10/31/2019 3:48:53 AM","0x6efb20f61b80f6a7ebe7a107bace58288a51fb34","0x466575ba48e75ff410f6801923753c992d657989","227"
"0xbfcd38a1d32117d3b6d7962d125efad6fb8ccefeed72368e90350ee3d8cff6e9","8844190","1572493817","10/31/2019 3:50:17 AM","0x6efb20f61b80f6a7ebe7a107bace58288a51fb34","0x9b7f94971f564e71587678b90a008d939c4c3898","600"
"0x82fed35c82083c1e18e4751493243df18b6edc7199ec5ab9bf5997fcfc1a8ed3","8844203","1572493931","10/31/2019 3:52:11 AM","0x6efb20f61b80f6a7ebe7a107bace58288a51fb34","0x34856b4aade0af1afb23a5d028a05821465074bc","896"
"0xac8953447c0ceed0caf94edfd1be376c46f5276550440635cf3485543a6a0fd6","8844203","1572493931","10/31/2019 3:52:11 AM","0x6efb20f61b80f6a7ebe7a107bace58288a51fb34","0x5d581537eb3d4b45eb9551e3930479a69bcf09a2","516.58"
"0xfa27fa07a73e9a70cf27eafc9dfe40d81173d85221041b91de0f7b7e8f848a00","8844208","1572493984","10/31/2019 3:53:04 AM","0x6efb20f61b80f6a7ebe7a107bace58288a51fb34","0x565c70f616e905990541053e5e4daaaa7071e77d","562.97"
"0xf20664771787fa13e984971ddea27d42cfa2e36e44eb351ff3118009b75f8384","8844211","1572494048","10/31/2019 3:54:08 AM","0x6efb20f61b80f6a7ebe7a107bace58288a51fb34","0xc68e080f17a417f9cc83e2dba9bc595be5de5471","26.96"
"0x07f09a845c958864a75d458f6de36d932efd348742c5de9ac753b11c8557b089","8844211","1572494048","10/31/2019 3:54:08 AM","0x6efb20f61b80f6a7ebe7a107bace58288a51fb34","0x23b2f75c032f1a3f2122ec1ac8c7b6ba2a9de80e","139.03"
"0x6473a8e7a5b7943d4b963fcf14935770f76da144640cad7f07311a6427943ad6","8844260","1572494704","10/31/2019 4:05:04 AM","0x463b260204dbb0b0fb9e69d17c83645319b754ae","0x6efb20f61b80f6a7ebe7a107bace58288a51fb34","465.426374"
"0x6f1f08955076ac8c5dbdb180025f288a78c96d610c200a2014d97a5de97f8849","8844279","1572495010","10/31/2019 4:10:10 AM","0x47efc57354aae67789f790ec4406f106ad481e52","0x6efb20f61b80f6a7ebe7a107bace58288a51fb34","622.43443"
"0x5d5fa8890b57796b189e978dcf30d4ea0a2ef7ce57f8def16b26fe244c9331b7","8844279","1572495010","10/31/2019 4:10:10 AM","0x84429f8b54f8022d1fdb97e42655c899a7422a73","0x6efb20f61b80f6a7ebe7a107bace58288a51fb34","1000"
"0x11243a858e6b9a71902f0c5856d3316a6b8d77ade98cb9e1bbbcd42fd9838af2","8844292","1572495142","10/31/2019 4:12:22 AM","0x6efb20f61b80f6a7ebe7a107bace58288a51fb34","0x28909a9e41a114fc79edbee108ffe7fff343c589","706"
"0xcdb16390dbd71eda171729edaca3fdeb2e5fb572daa555ba17c82b0e3fb03a84","8844298","1572495241","10/31/2019 4:14:01 AM","0x6efb20f61b80f6a7ebe7a107bace58288a51fb34","0x9d1ab8b4b7c072729bb61ca1ded379b51a12c047","1000000"
"0x012e0510f6ac6504c7b0d27baf81327c6e0f0ccd32a9ca6faa08906089147a73","8844317","1572495473","10/31/2019 4:17:53 AM","0x6efb20f61b80f6a7ebe7a107bace58288a51fb34","0x417516902918cd1847d62e24f1808f535dd29f5a","155.45"
"0x2b8fa831df8862e97f932bdbd79f45b62ae5cc620b32cc14e33bc61f24695a9b","8844320","1572495551","10/31/2019 4:19:11 AM","0xbf7c012465dc06c53736a52e792115d3e0a3c9b7","0x6efb20f61b80f6a7ebe7a107bace58288a51fb34","1400"
"0x131d993c70c6708dd875b198756c866864378d54fb045c37eadd79355c566c6a","8844343","1572495803","10/31/2019 4:23:23 AM","0x6604c51b0ed26c8dde7c5c275260505b0ace0754","0x6efb20f61b80f6a7ebe7a107bace58288a51fb34","499"
"0x8ff50f34056cec4dba2a40713559ccffcd78f5e053554b69d9d8d05024650616","8844361","1572496085","10/31/2019 4:28:05 AM","0x6efb20f61b80f6a7ebe7a107bace58288a51fb34","0xf26bdb3e1fd9f8f52a3887063bfb24bf38dfbb98","458"
"0x6de67679cb4ec75e44e0f8df8f7c3a62210c920d3567cd617ffd7fbe5c3ee8f2","8844361","1572496085","10/31/2019 4:28:05 AM","0x1fcf09975f747cd9bf3b85bb8592f356caee2de4","0x6efb20f61b80f6a7ebe7a107bace58288a51fb34","2073.032527"
"0xd3d87d05ae9e7ebf89fdfb6ddd3229f763a6f68f42ca4bd6b193930b13d003b0","8844361","1572496085","10/31/2019 4:28:05 AM","0x86cb1ccdfc65d4ff1480b042d0cd5f6baf8beb12","0x6efb20f61b80f6a7ebe7a107bace58288a51fb34","1844.577584"
"0x905ef2af9c811183744e5f43cf7d2a445c989d724ef03fbb08d18249fe51435f","8844376","1572496323","10/31/2019 4:32:03 AM","0x6efb20f61b80f6a7ebe7a107bace58288a51fb34","0x48bafdb07e3705028e27981925e1ff05b5105d6f","505.89"
"0xc3279d71795a2b137d85496ca595bda7e7eee48e4944b991da104f3fb81155b0","8844376","1572496323","10/31/2019 4:32:03 AM","0x6efb20f61b80f6a7ebe7a107bace58288a51fb34","0xcaf9f9ba8706e2d4177889fbd50ad398a60ee9d2","300"
"0x08da57b84682c0fa6a2747e914057616205471a4a82d16b62db5590030fa9752","8844380","1572496364","10/31/2019 4:32:44 AM","0xec938710d4d3df37ef4bafac07dd229107142747","0x6efb20f61b80f6a7ebe7a107bace58288a51fb34","1182.34"
"0xe926f96a21a3c69cf714127c1fb65b77d81fd688ba740bd2799b944f668b872d","8844387","1572496444","10/31/2019 4:34:04 AM","0x6efb20f61b80f6a7ebe7a107bace58288a51fb34","0xc86be9a25e097e0a0fbbc8880b85322e1e6224ea","300"
"0x605c91c8b831f7d3fbf5cf4f564a09283c1b569e383d6c29ad1f19703be1fa29","8844437","1572497220","10/31/2019 4:47:00 AM","0x6efb20f61b80f6a7ebe7a107bace58288a51fb34","0xc99575a12f676d8ad538aa71b803d3805d5ec382","128.41"
"0xe407bbd5d715fdfae1efdf42a4ad5b3643139b272b0665371e234e6c4f686aa7","8844443","1572497269","10/31/2019 4:47:49 AM","0x6efb20f61b80f6a7ebe7a107bace58288a51fb34","0xe9fec41fd6abf36586453339f6d3353257e65755","498"
"0xc42bc442891b012a24b5168c08c018a5d45bcd3cdfb32a6f61fd4c85ddbbc320","8844464","1572497717","10/31/2019 4:55:17 AM","0x6efb20f61b80f6a7ebe7a107bace58288a51fb34","0x1eb131748d8c4d13e5bb297116166364c20632fb","3000"
"0x73269b333cde9d5214901125887a29140f5e67113640c6ea75801713fe4de16c","8844468","1572497780","10/31/2019 4:56:20 AM","0x6efb20f61b80f6a7ebe7a107bace58288a51fb34","0x3ac6809f79a2201f644e8281e45e25281960d285","126.35"
"0xa9cd7bee9eb7474b90821d9cfda6ccc1d4f5ab2486be95f97f8aa1cca8ad1bcf","8844471","1572497822","10/31/2019 4:57:02 AM","0x933d5a54d99d4a260f9ce3e16d3afc5182bcb595","0x6efb20f61b80f6a7ebe7a107bace58288a51fb34","721"
"0xb81d29e87aef254fa8b2f002852987e1c51fec2665f09a8f4a04ad5b25840f48","8844496","1572498008","10/31/2019 5:00:08 AM","0x6efb20f61b80f6a7ebe7a107bace58288a51fb34","0xfaa5190231524216c1c97012256b3331f9001155","2467.8"
"0x5eb5957d1fac94cc905cadb1258ef84edf2c571d518aaaf2544d5217ad6bd95e","8844519","1572498371","10/31/2019 5:06:11 AM","0x6efb20f61b80f6a7ebe7a107bace58288a51fb34","0x1287f13872f6ccff614fd83581cb659d8cb04bf2","639.47"
"0x042be778aab9903396e8564da77ac3d72521e04686d7c181d83cbc6ef6ecf31e","8844519","1572498371","10/31/2019 5:06:11 AM","0x08a17cfb1ce3ac8a2b1740765a38d6494579d84e","0x6efb20f61b80f6a7ebe7a107bace58288a51fb34","199.99"
"0x3c5b52582110a9775bf49ccfcbf3f06f27b692f38ab272cb25e4d85f000554a3","8844542","1572498651","10/31/2019 5:10:51 AM","0x6efb20f61b80f6a7ebe7a107bace58288a51fb34","0x0d01405424560f8810a161044843fcc43461fa0f","2036.02"
"0xe9198c458e415f6edb17c54879299d549201c5e26ad9f186d40804f4ad09e3fa","8844542","1572498651","10/31/2019 5:10:51 AM","0x8bfc1107998b69cd0d85143e1a3eefb1ed0a4a96","0x6efb20f61b80f6a7ebe7a107bace58288a51fb34","500"
"0xf4dc53f89f3c89ba058344839561cd8bea59e818efb8b8d2ae45daba38e52304","8844545","1572498756","10/31/2019 5:12:36 AM","0x6efb20f61b80f6a7ebe7a107bace58288a51fb34","0xc15c61a733f8b4ca653b77032ee8a3e8147c5551","296"
"0xb9118dd8f4428d3d5d9d7411fefa444c4a60c545b97cad1313e2ab4130673c62","8844561","1572498942","10/31/2019 5:15:42 AM","0xa06e12505301ff5b8c65e476fb4d43a103d9c7e9","0x6efb20f61b80f6a7ebe7a107bace58288a51fb34","1559.21203"
"0x9ecbb090d9d4e4a7a188230ca3adad5ebbb88b54baeb1aa010180770dbfc9c3b","8844561","1572498942","10/31/2019 5:15:42 AM","0x3761584bcbb9fce80d7c05b951278d1cbfa6c9cd","0x6efb20f61b80f6a7ebe7a107bace58288a51fb34","380.99"
"0xf87943176fd860e38f4c02ff7059566d6933f612ea338d545fb42359d2fe573a","8844561","1572498942","10/31/2019 5:15:42 AM","0x335a0014bb717a101c6f4fbbe32497a20716c9cc","0x6efb20f61b80f6a7ebe7a107bace58288a51fb34","770.445675"
"0x6d7b8e416b1e531e6bbd99124a91b670f65a9054423181f39fd0c2b3a9a78814","8844580","1572499130","10/31/2019 5:18:50 AM","0x6efb20f61b80f6a7ebe7a107bace58288a51fb34","0xe62c1f9af94f318722c039c34e6ea75699c43fde","622.59"
"0x1ea0e88b056a71e619c8d522f204d2b8f1fb23d065dbbb54899fee29a980d0b7","8844592","1572499300","10/31/2019 5:21:40 AM","0x6efb20f61b80f6a7ebe7a107bace58288a51fb34","0x7723e495cc680e58402c29ab693e8bbaaa669c5d","175.3"
"0xacdb8ebdc90a4587a09b0f826408336ecbec83284c0bc79405340d473ad978ca","8844592","1572499300","10/31/2019 5:21:40 AM","0x6efb20f61b80f6a7ebe7a107bace58288a51fb34","0x2de93fc5407bef3e9a211386c7eb0e7a22aa8bbd","113.41"
"0x26b5d7d065aca738be0c32ccc20af2b52732ccf09c6ea1877def61f592a36990","8844631","1572499697","10/31/2019 5:28:17 AM","0x6efb20f61b80f6a7ebe7a107bace58288a51fb34","0xa3af39f832f73a14de71cabf77437103b85a95ee","2842"
"0x747fe3c9b1e31336303d291286275fdde179b830e4535ac183ab78c7ff4c7196","8844639","1572499799","10/31/2019 5:29:59 AM","0xc4a749f8645e9353c04c4c3cee6d7d424574d8a3","0x6efb20f61b80f6a7ebe7a107bace58288a51fb34","1456.95824"
"0xe1c07ff952cff42c4812fe468aa5597369c8b5c3d50887492321d11d1c232c37","8844639","1572499799","10/31/2019 5:29:59 AM","0x7723e495cc680e58402c29ab693e8bbaaa669c5d","0x6efb20f61b80f6a7ebe7a107bace58288a51fb34","175.29"
"0xc16ce4b09a8be8509e0e604d0ac0bcba4e537f5eecfa4a52bf04c1e7accfdedf","8844654","1572500045","10/31/2019 5:34:05 AM","0x8485484347f2f51b627e509065362c1cc566913a","0x6efb20f61b80f6a7ebe7a107bace58288a51fb34","28327.611898"
"0x5bf85509cbc035242ed0f175dcc4f180c94b9fc24fb7841fbbf85ba443a960cb","8844654","1572500045","10/31/2019 5:34:05 AM","0xc4b8e3c00b9393f2efdd842c5233c6a032179ea9","0x6efb20f61b80f6a7ebe7a107bace58288a51fb34","42491.917847"
"0xfa827d18df7a3af294635cf832297bc26a65ffbad30c9084e370800506a82aa5","8844671","1572500351","10/31/2019 5:39:11 AM","0xc62e9b8b1b755d37a24ecc502ede5b3c5837fe9b","0x6efb20f61b80f6a7ebe7a107bace58288a51fb34","3655.786046"
"0x2f2bcd6d5fc4f3767097e9869be0d2f1bfec843fd1a8c4a16723376333d35d76","8844675","1572500424","10/31/2019 5:40:24 AM","0x6efb20f61b80f6a7ebe7a107bace58288a51fb34","0x288b7b62913fe8ac6b3d01fe1c463a07f090887a","7000"
"0xc2caf32d8f7a6576d5310865c1cafc1be58b6bac1b2b7e753b654fa869ce74a4","8844681","1572500530","10/31/2019 5:42:10 AM","0x6efb20f61b80f6a7ebe7a107bace58288a51fb34","0xc4b8e3c00b9393f2efdd842c5233c6a032179ea9","1498"
"0x513f3894cffd9cb4f4eec12930f4d8f1740cf5f62667f0bebf3d1ca692cc3d41","8844686","1572500605","10/31/2019 5:43:25 AM","0x6efb20f61b80f6a7ebe7a107bace58288a51fb34","0x74fa2b7e29e5d0d1349c7f9ba097ea491de35898","204.74"
"0xebc6d9a7839461c16b488dd94c44b9f64f7a557769801db7fc248abf1c55bc6d","8844701","1572500762","10/31/2019 5:46:02 AM","0x6efb20f61b80f6a7ebe7a107bace58288a51fb34","0x6049a1979854440a9a4151eba78a7babb2837d46","4000"
"0x60abedcbcfc5da520a52ada8deb7fb3a63543ab50b70e8e9bba30dfb28e9eaf0","8844715","1572500920","10/31/2019 5:48:40 AM","0x565718f0f038a7c5b683355b42c7f4c9ef7de767","0x6efb20f61b80f6a7ebe7a107bace58288a51fb34","36.703644"
"0x0f8fda6e39010cddb736c738219756eb4e52925301cf45f4f92ff3107fe4b452","8844739","1572501151","10/31/2019 5:52:31 AM","0xc4b8e3c00b9393f2efdd842c5233c6a032179ea9","0x6efb20f61b80f6a7ebe7a107bace58288a51fb34","1498"
"0xc7d7c38704304f5d42d76327451190dcb39bf0ce3c66d8e6352880afae2107d2","8844739","1572501151","10/31/2019 5:52:31 AM","0xec938710d4d3df37ef4bafac07dd229107142747","0x6efb20f61b80f6a7ebe7a107bace58288a51fb34","2311"
"0xf70deb941c7f93aaa4dfe726bfb5ec45d706b341717402839058687e0ac4dc27","8844740","1572501186","10/31/2019 5:53:06 AM","0x6efb20f61b80f6a7ebe7a107bace58288a51fb34","0xb860739cd7eaad0b1536461bf779c00860b40c51","1883.93"
"0xf02709f314411b7c21efa18cf44116cf1cbc2a20a2347a0f1e4934b98a49170c","8844753","1572501378","10/31/2019 5:56:18 AM","0x6efb20f61b80f6a7ebe7a107bace58288a51fb34","0x71d73e63c3d489cc8b0bc9ee792bc7c9c3c2b28a","343.25"
"0x64d29966d130b21f81565e4caf4d67018bf763a56f326e4075ec618e6df1fcff","8844783","1572501692","10/31/2019 6:01:32 AM","0x53c662a2dc515be7de65e56416a406ed1d6494b6","0x6efb20f61b80f6a7ebe7a107bace58288a51fb34","1001"
"0xf32ab7ccbce3433879e4271a24932f66d523e81f6339740d8e79bb10462a8582","8844788","1572501802","10/31/2019 6:03:22 AM","0x6efb20f61b80f6a7ebe7a107bace58288a51fb34","0x719de0a410fc52b377c3ea1ea4b314066b4ad70d","924.05"
"0x25f69aaeee01ef8cbf6c58051a9b3ccb08f3ff249e5503f9c9f81e06c4930600","8844800","1572501964","10/31/2019 6:06:04 AM","0x6efb20f61b80f6a7ebe7a107bace58288a51fb34","0xd50786119612cfa80cea2156ba4677df1436c36b","798"
"0x3ee2a6d62ea3cbdd9fc58f1fc73c6a0fadc1bccf8a42c2b781b8fc5dd2c0d46a","8844809","1572502047","10/31/2019 6:07:27 AM","0x6efb20f61b80f6a7ebe7a107bace58288a51fb34","0x76f5e76554ee7a0fca963c2ce121d8a1e9ea35be","598"
"0x84e61054b57606a0826bad570dec77e9ac15d173af63540c91ee347bbd356977","8844809","1572502047","10/31/2019 6:07:27 AM","0x746ea5b3d514ee97c8dd7979a223de9ee792487f","0x6efb20f61b80f6a7ebe7a107bace58288a51fb34","600.967885"
"0x8bb86cd2434f070e6d32113734e4ced23490c657a226f5ba47c6f62141219509","8844809","1572502047","10/31/2019 6:07:27 AM","0x90b289fb96094beafb4043e454df43038f9bd7c7","0x6efb20f61b80f6a7ebe7a107bace58288a51fb34","498"
"0xec28005b1cd1b72d1fdef21b1c88ce3702d2d46f2c2c45bc40002b3820de78f7","8844812","1572502072","10/31/2019 6:07:52 AM","0x6efb20f61b80f6a7ebe7a107bace58288a51fb34","0xfff157598c2da000c73adb5fd865bc2c89fc1e2b","500"
"0x9e6ba6e5c9b5c4213f9552d13f60407a4052030e904e241ad3f8547d97c8f9c1","8844812","1572502072","10/31/2019 6:07:52 AM","0x6efb20f61b80f6a7ebe7a107bace58288a51fb34","0x587b2727138663edf08df67739f6b94ddc9c57b4","415.87"
"0x612f39853c9e1f43fe43564e0608b71fe4da097ab8d194df447f382ea2b852f1","8844826","1572502207","10/31/2019 6:10:07 AM","0x6efb20f61b80f6a7ebe7a107bace58288a51fb34","0x0477336b39777bd9b2155830feb277ed398f6a65","798"
"0xa13a5ad3bff8603d005561167cfb733cef523937fae37e86e370e463b17c48ac","8844829","1572502239","10/31/2019 6:10:39 AM","0x6efb20f61b80f6a7ebe7a107bace58288a51fb34","0x14e7d0e3cdaed80ff312b9c1ab3df3741e3b094d","96.88"
"0x4ee7610828590f5c4d7c8dc3cd2efe850162e86c8a03c531181ec5bc6d1b0d5d","8844832","1572502322","10/31/2019 6:12:02 AM","0x6efb20f61b80f6a7ebe7a107bace58288a51fb34","0x970b9e44b5ecaca4a8862527970efb90ed2fe56d","798"
"0x8e0418bb8d6735cb439f426096db9a8fd438833e9a8b248319a8afaee8537ca2","8844836","1572502382","10/31/2019 6:13:02 AM","0x6efb20f61b80f6a7ebe7a107bace58288a51fb34","0x6ec28aa9f274cd27404d2b9ecff9716b114cf837","798"
"0xd29b1ab3c5528db474d027f136f96e3d37c73b0a9c0fa2329eb2a0d7dfe5af98","8844850","1572502476","10/31/2019 6:14:36 AM","0x6efb20f61b80f6a7ebe7a107bace58288a51fb34","0xd4ec32e94e4b64472d2d466d2b5591ef850a768c","798"
"0xf2092cd502a974808f1a135e66947d65d1ba796f704b1010a8e07c1bd9cdffec","8844861","1572502631","10/31/2019 6:17:11 AM","0x6efb20f61b80f6a7ebe7a107bace58288a51fb34","0x3c4e5610bfce8677a9d54032db3295fdeed63c88","798"
"0xc5c729d9662cc9e377e9dbe58f617975754f25d02d949f10e6c7059f61992b0c","8844878","1572502802","10/31/2019 6:20:02 AM","0x6efb20f61b80f6a7ebe7a107bace58288a51fb34","0x70514188bd5135f696aa7f916f67e9bfa1a89df9","795"
"0x2b9d2d69e2925c2b5d0b43e57d22717a9f0964b493017cbd4105bf39a2b1e6eb","8844885","1572502892","10/31/2019 6:21:32 AM","0x6efb20f61b80f6a7ebe7a107bace58288a51fb34","0x0f0323cc4583cced4ded6aa88efc44536da60887","793"
"0x1a9f090da7737e2f94403c01aa77c9759f50643df208869bc74ff0aa2b2ebe4b","8844885","1572502892","10/31/2019 6:21:32 AM","0xce61df453e80b06f41911539227cda9808bf18f3","0x6efb20f61b80f6a7ebe7a107bace58288a51fb34","7081.98"
"0x6154c6403268a9b084e3e35c55f87e0583d018c14d419aae35108194de1fe71c","8844885","1572502892","10/31/2019 6:21:32 AM","0x03a6dd9cf48af5d5b2a04dd84c8661324d0eed5c","0x6efb20f61b80f6a7ebe7a107bace58288a51fb34","19.087575"
"0xbec952170f49dcf7ba2a97d2ef962b04546ff92b13662b0f22e9d61d9c85cdd0","8844887","1572502991","10/31/2019 6:23:11 AM","0x6efb20f61b80f6a7ebe7a107bace58288a51fb34","0xa462d1bff0897e5fba4c8fbb5c598c8edd4fa914","795"
"0xd63ce6c90cd70efe31473d80e88abb7a6959dde6645ce8d458119784a4b2ea0c","8844896","1572503096","10/31/2019 6:24:56 AM","0x6efb20f61b80f6a7ebe7a107bace58288a51fb34","0x8d176db2527f8327bb6bb77540fc9658ece0eb7e","965.45"
"0xe1ff7fde29eb1841ea74380db25df460e6fcf1899ee02c9b3f94c0fe82a4a741","8844896","1572503096","10/31/2019 6:24:56 AM","0x6efb20f61b80f6a7ebe7a107bace58288a51fb34","0x31aaca28ebe970dcb8d59190498ac271d763acc9","848"
"0x750ac1d78ee128dead1943eed4f992e75e07e2aad89529b603808778806e9ded","8844916","1572503458","10/31/2019 6:30:58 AM","0x7b473158885ee180ec2783c3392c6446213f99f0","0x6efb20f61b80f6a7ebe7a107bace58288a51fb34","1140"
"0x15d76c6b1ebdfd1492f2059753b2d13d9567896084ed8c470af12781acb2c877","8844936","1572503680","10/31/2019 6:34:40 AM","0x0ee500d492ef6501dd2cb3a1590c0ae5645ab2a2","0x6efb20f61b80f6a7ebe7a107bace58288a51fb34","742.435"
"0x33bc89fe43d8e324c2dcdc4d368553ef00d8035f805f2d7d03b7d722ffa97caa","8844965","1572504009","10/31/2019 6:40:09 AM","0x98b37a2a8330b7c99a1b5cfd9b25bccd9df3311a","0x6efb20f61b80f6a7ebe7a107bace58288a51fb34","298.99"
"0x95e361004a6cbe831a6ab7dd3c5018dec35b6e1d37fb79342f4bf18576e71361","8844976","1572504097","10/31/2019 6:41:37 AM","0x6efb20f61b80f6a7ebe7a107bace58288a51fb34","0x60b0641ba4efbc1d72b12b9fe544b6ff22c437ab","3393.2"
"0xed6fe423f87ce63878efa357b04eeb85e8d092c5909842f1fd5f0b8f0147722b","8844990","1572504302","10/31/2019 6:45:02 AM","0x589fe073cf9e31febf0a5b5facdb712a64975037","0x6efb20f61b80f6a7ebe7a107bace58288a51fb34","852.377466"
"0x25a0e75e6584fa54a5fcd8d3c587d5fcdf533bf34c4dac40552696a4edbed2a9","8845000","1572504356","10/31/2019 6:45:56 AM","0x6efb20f61b80f6a7ebe7a107bace58288a51fb34","0x4b84bc4b4eda6d4f76ad5b1545ea68cc189b11fb","10500"
"0xa12f903e1b8749402cc3a315593755f2cb08f9f5df3166b3612c3d074fb76fee","8845017","1572504585","10/31/2019 6:49:45 AM","0x6efb20f61b80f6a7ebe7a107bace58288a51fb34","0x4397992f8ed280ae465026f170bcac33e330bd27","704.49"
"0xa41411161ce4054c80f8c4336f6c67ae5b65201c08bf8f8337b20f5755bc1563","8845031","1572504880","10/31/2019 6:54:40 AM","0xc1b5f9363e86e295792d6e07c0745c3e8d651c84","0x6efb20f61b80f6a7ebe7a107bace58288a51fb34","2065.29"
"0x23c76a4034352b6bee6698dc8140aa528b9f775a4d1e821e036aafcadc7e19cd","8845035","1572504941","10/31/2019 6:55:41 AM","0x6efb20f61b80f6a7ebe7a107bace58288a51fb34","0xc068f566a22089a6fa2f931bada1a34bab5ce066","426"
"0xa57c73b1a146740043c98c12fe9649ac0540a96758dc23b29f86cf8e0aecdd0f","8845047","1572505176","10/31/2019 6:59:36 AM","0x6efb20f61b80f6a7ebe7a107bace58288a51fb34","0x54199e1fcbdd29536daa10b711de5e752f98805e","27195.07"
"0x532377e18758d756c4e33966f1b1606ad2bc482f2e328fa9464f8a09d5380d9e","8845047","1572505176","10/31/2019 6:59:36 AM","0xbdc2080767ad78d95a8b138032626fd7262c7ad4","0x6efb20f61b80f6a7ebe7a107bace58288a51fb34","193.99"
"0x0d562d13b71dae3c2698b65c131f1072c3bb3d133c91b9af7255d85fed5683a0","8845081","1572505643","10/31/2019 7:07:23 AM","0xe194427c2701374859a7218dab9e14d956ff9874","0x6efb20f61b80f6a7ebe7a107bace58288a51fb34","995.289086"
"0xed50210f18709ff464ac0c969d6852f8c25a6a2ceebdc71b31151a82a464df60","8845082","1572505678","10/31/2019 7:07:58 AM","0x6efb20f61b80f6a7ebe7a107bace58288a51fb34","0x6a578d34008297abe6c9f899efd23d60d5757eaf","144.77"
"0x6262a6ba93c0cfcd5eaebcbde1dbb7c6754f5adcc07e5119696f1fc0532f6792","8845082","1572505678","10/31/2019 7:07:58 AM","0x6efb20f61b80f6a7ebe7a107bace58288a51fb34","0xcc6de76d911b43a951e16d8b5fe56eeef6a42b98","1028.09"
"0xd7eae8492af74bdae1019b81032f92f7511a3226c65fa727d30dd02a751ac192","8845096","1572505816","10/31/2019 7:10:16 AM","0x6efb20f61b80f6a7ebe7a107bace58288a51fb34","0xecc65e1384088212e21eaadae34b3145d52d6529","1183.68"
"0xd4a4f415cd9838ea85741777021a9f15d2028f54d90251cdf7b995b21f40d4d3","8845101","1572505865","10/31/2019 7:11:05 AM","0x6efb20f61b80f6a7ebe7a107bace58288a51fb34","0xd7232302c0422908a542ea04e9db84ed544360f0","240"
"0x12d3e1a6dc6462c9f765ccb719b03b28a5cf7578149ff7481b4a8718e6c50a01","8845104","1572505919","10/31/2019 7:11:59 AM","0x6efb20f61b80f6a7ebe7a107bace58288a51fb34","0xf34ef66b2d1903686ddf7e4a6480a229fc3b17f9","240"
"0xcd23a9c6d6789b6c39b862fa60f07349024015d4d5506b36c609de317d7faa09","8845117","1572506062","10/31/2019 7:14:22 AM","0x6efb20f61b80f6a7ebe7a107bace58288a51fb34","0x66ff40625b79cfb0e5ed8633474b03e1c4cb5b83","241"
"0x6496dc92c18b8e8608173dfce7b18497c400fbd19c4cc23fc6e581f905fca119","8845123","1572506170","10/31/2019 7:16:10 AM","0x6efb20f61b80f6a7ebe7a107bace58288a51fb34","0x3a8ba3fdb8ce7701e123f2c26f619ad565d57e41","698"
"0xe20bb310d3e4eab1c9d49f0bceb6f4c0628ff1c07371ac63f03cfbfcb767ff64","8845140","1572506463","10/31/2019 7:21:03 AM","0x6efb20f61b80f6a7ebe7a107bace58288a51fb34","0x2040b51ed1e789e7f4b9c9c8476d1bdc95e815f2","706.51"
"0x317ba6073ece8cbd338c8461fa4e4676ae6375faaddb915ea1913bb35aa92cd6","8845148","1572506570","10/31/2019 7:22:50 AM","0xce61df453e80b06f41911539227cda9808bf18f3","0x6efb20f61b80f6a7ebe7a107bace58288a51fb34","19999"
"0xb5a0a3bc9b2be3583191e3cdc7da4aff8deedd8be2cb14f29da2f76c5aa664ac","8845150","1572506605","10/31/2019 7:23:25 AM","0x6efb20f61b80f6a7ebe7a107bace58288a51fb34","0xf05eac7ca9a268c17c30ecd3dad973cce80a71de","340"
"0x8d010358849a24fdae4089949773e8ebb749bc3a89c4be95ea8fe7ffa7115317","8845150","1572506605","10/31/2019 7:23:25 AM","0x601d1c6b1f39815603c5f4982fcbaaaae5ece382","0x6efb20f61b80f6a7ebe7a107bace58288a51fb34","150"
"0x42dbb4a154f3cbbb07d3a85952e4054e70597e9e775f7efcbd9b8ca8e7a4a7da","8845190","1572507101","10/31/2019 7:31:41 AM","0x8485484347f2f51b627e509065362c1cc566913a","0x6efb20f61b80f6a7ebe7a107bace58288a51fb34","29744.042492"
"0xba1208814b9c80e23c476f2003b683ad23aa284098ff81b093c6d66249084589","8845194","1572507165","10/31/2019 7:32:45 AM","0x6efb20f61b80f6a7ebe7a107bace58288a51fb34","0x00ab8ab8713d83cfdfaa7ba93e30e817f66a2db4","2124"
"0x549eb353cb5faa5a33d8d70ed6bd6d40d1f2b1df5e3488e6df444060cfee3744","8845198","1572507254","10/31/2019 7:34:14 AM","0x6efb20f61b80f6a7ebe7a107bace58288a51fb34","0x5339c932bdaa71e5d7dccefeac207cf210a1816d","783.75"
"0x50587ff2e909a69cac4d8866ddc1c3cae985dd7405c7c1071b88cb2479af85ad","8845205","1572507353","10/31/2019 7:35:53 AM","0x6efb20f61b80f6a7ebe7a107bace58288a51fb34","0x50c9ccca0e7d3e2afde679be50d14d454846664c","2001"
"0xeea26ab85d9230f4ff298eea474c43a1a0a2ec74224f6c6c3dd1cbcb48060b7b","8845218","1572507537","10/31/2019 7:38:57 AM","0x6efb20f61b80f6a7ebe7a107bace58288a51fb34","0x2de93fc5407bef3e9a211386c7eb0e7a22aa8bbd","138"
"0x3ef3e2e58be3f2812e31908f5e6ec041e6e91197de669ca30ba9c5eff746016e","8845234","1572507686","10/31/2019 7:41:26 AM","0x53b9fa75a98013f9deb4a25c608b656f7697e3fb","0x6efb20f61b80f6a7ebe7a107bace58288a51fb34","208.067954"
"0xf680457b56306f946db6222111d57ad6a85ea7a2fb46a31ebb7e2baae07e0f2c","8845237","1572507719","10/31/2019 7:41:59 AM","0x6efb20f61b80f6a7ebe7a107bace58288a51fb34","0xd9c80c5d7c1d968f86f5efefbeb201283e4b91f3","58"
"0x098bcbd9f45a894ac403108a6237bc5f615cfc771fb0ef1a5fe5b285c61e13b8","8845253","1572507961","10/31/2019 7:46:01 AM","0xb2f818353eece252ad6d8a5a983b6d06b512e582","0x6efb20f61b80f6a7ebe7a107bace58288a51fb34","319.72711"
"0x760c60b6f47990d231cf500befe10972332345a6bf070ef0422a0a911deb4983","8845253","1572507961","10/31/2019 7:46:01 AM","0x61c51446b141b80de8946ed93e169dab4fe16704","0x6efb20f61b80f6a7ebe7a107bace58288a51fb34","518.581745"
"0x754253f35a2ac46e9b3a74d0c5aee424c041c098cd40c11324252fbb7a961b46","8845255","1572508023","10/31/2019 7:47:03 AM","0x6efb20f61b80f6a7ebe7a107bace58288a51fb34","0x794bc2b13a7db6991846b5da39eec21c8d237fa2","629.63"
"0x6984e1a795e4eb6008656e6bcbb3380b1590e586bbab9cdb12938a802283710c","8845263","1572508127","10/31/2019 7:48:47 AM","0x6efb20f61b80f6a7ebe7a107bace58288a51fb34","0x8d9d728bfcc52e5e9b27862f067a43dc58c3c347","428"
"0x320f40f857de66523607b14e2755735368f61c47b770ea927b69b6f527b8aedb","8845273","1572508262","10/31/2019 7:51:02 AM","0x63fa5222510f5557446173772863d6443c153495","0x6efb20f61b80f6a7ebe7a107bace58288a51fb34","131.99"
"0x22df3f320d3a3c73d00b80bbec58fbb9c15cc3472b5d9ebbb9ff8e35b6aac308","8845292","1572508392","10/31/2019 7:53:12 AM","0x6efb20f61b80f6a7ebe7a107bace58288a51fb34","0xfb85a45e6c2ae931076a1d2536e59dd1a5796a60","193.89"
"0xd02d07f5323deb628fa53968857eaed4bd272b4d9ede5606cf3bbad57e6d3c8e","8845300","1572508510","10/31/2019 7:55:10 AM","0x530063624435de41793b1e7d9349b9d2f36a945a","0x6efb20f61b80f6a7ebe7a107bace58288a51fb34","99.99"
"0x9553abee49e726efc02e03bae85501486043d6c01e953eba5c08ebb84d99eecd","8845310","1572508652","10/31/2019 7:57:32 AM","0x6efb20f61b80f6a7ebe7a107bace58288a51fb34","0x344685f8eb5963379d4e5fd619faf0850026a92e","298.01"
"0x0ca8e9df0d5c56e94538e79b9aaec767230f219f5edfc0912eee7c21b263ee15","8845311","1572508702","10/31/2019 7:58:22 AM","0x6efb20f61b80f6a7ebe7a107bace58288a51fb34","0x17d67e00a4ac15d0ba9afbf741c54e3b92ccc2b6","751.31"
"0x3e51a02fe50e4d90b32212d7ae8d9007d1779ed898e2ea4f1d180d11c9dce4ad","8845317","1572508743","10/31/2019 7:59:03 AM","0x6efb20f61b80f6a7ebe7a107bace58288a51fb34","0x06a4b4c4502a51bf3890c5787cb61886e0c68a21","1010"
"0x95f9f252fbb5f650b98cbc397ae228cfa0443ab14aacdd695547093271c867ea","8845318","1572508746","10/31/2019 7:59:06 AM","0x530063624435de41793b1e7d9349b9d2f36a945a","0x6efb20f61b80f6a7ebe7a107bace58288a51fb34","1033.5764"
"0xb1ce96ab06b6d6bf835bb6476538698b271ca7277313e603cadfda8b4638235a","8845318","1572508746","10/31/2019 7:59:06 AM","0xa990bc9f7b24b00dad4e3109aec184b41154cca2","0x6efb20f61b80f6a7ebe7a107bace58288a51fb34","3999.99"
"0x213e919a46ec7afec850616bd54a1d87f51604c7a64cdb9cd5c9a3fb10840243","8845327","1572508916","10/31/2019 8:01:56 AM","0x6efb20f61b80f6a7ebe7a107bace58288a51fb34","0x3393a7c71b82cf05c651a2acd87e3a85ca70471c","338"
"0x6305ca6abd86162f64a1eb1c35729a054c3e4b8f52dc7c23342b536f6416b735","8845339","1572509087","10/31/2019 8:04:47 AM","0x6efb20f61b80f6a7ebe7a107bace58288a51fb34","0x6950e64085d1708e19b77e04af234ebbdb584e5c","338"
"0xfd3d2330b56dc73c0974a18280f0856b6287c20c99bacf05724e73bb7e3f80ba","8845339","1572509087","10/31/2019 8:04:47 AM","0x6efb20f61b80f6a7ebe7a107bace58288a51fb34","0xc99575a12f676d8ad538aa71b803d3805d5ec382","206.4"
"0x27fae8dee38a066abfca00fc04a038420b3a3ef64d5008bea4eec954d59addff","8845367","1572509414","10/31/2019 8:10:14 AM","0xb3b1e42f613263c9e973b1d5d8dcdcf001e01562","0x6efb20f61b80f6a7ebe7a107bace58288a51fb34","417"
"0xa4191c935b6eb26278815d43c054c5f9ee52685fa26fb80021357334ae0b31b7","8845367","1572509414","10/31/2019 8:10:14 AM","0x4aa75f6cce5cea501697233e7fde2072e5ce24da","0x6efb20f61b80f6a7ebe7a107bace58288a51fb34","1917.496"
"0x08fd65375ec0ac3d60c46e4174102c04f8e36ca89218b1d52679d847a0c55f58","8845388","1572509631","10/31/2019 8:13:51 AM","0x6efb20f61b80f6a7ebe7a107bace58288a51fb34","0xca2b8fd9c90fdf64a5be53e927c1d39f89592313","243.52"
"0xfe06b569ec3aaff5d8626c66c52f217f9b951db1fd78cdd4539fd131802835a5","8845389","1572509682","10/31/2019 8:14:42 AM","0x63fa5222510f5557446173772863d6443c153495","0x6efb20f61b80f6a7ebe7a107bace58288a51fb34","548"
"0x5257ef0a46467397681f5e77a832598a0ada1e57fdcfa6b6ce37fc0af6fa7cd4","8845389","1572509682","10/31/2019 8:14:42 AM","0xb3b1e42f613263c9e973b1d5d8dcdcf001e01562","0x6efb20f61b80f6a7ebe7a107bace58288a51fb34","147"
"0x713dbe59e2045e511df14ecf5c7b52a62093be065216f3208ef171ac8a8912d0","8845409","1572509952","10/31/2019 8:19:12 AM","0x08a17cfb1ce3ac8a2b1740765a38d6494579d84e","0x6efb20f61b80f6a7ebe7a107bace58288a51fb34","547.1461"
"0xfebaea76df03315e758a86285603ca8056813ae634b0828f8582059c49660da8","8845411","1572509982","10/31/2019 8:19:42 AM","0x6efb20f61b80f6a7ebe7a107bace58288a51fb34","0x1bff993abeae1ea89b1b60b1d1382f8859e9c1aa","97.51"
"0x7bbe9af939a26795262e993df161c75de287b1fe9a34caf2bf86754944449196","8845427","1572510262","10/31/2019 8:24:22 AM","0x6efb20f61b80f6a7ebe7a107bace58288a51fb34","0xebff59a8087f596fd3de1911d4100e2e6bb1b4f5","429.71"
"0x17d2f7db537caa87272615cf0d7056fa66d251b82f110a42cbb7cd7284abb038","8845430","1572510308","10/31/2019 8:25:08 AM","0x6efb20f61b80f6a7ebe7a107bace58288a51fb34","0x70575f74a050c2effcba83087037188909c62378","2209.33"
"0x518cfbad20ab149ea991f3985781456d6d022d8e4a3b95f4c5dbf463013a5bf7","8845435","1572510398","10/31/2019 8:26:38 AM","0x6efb20f61b80f6a7ebe7a107bace58288a51fb34","0x76a0673fa3df0a986ccbca9b7966d8b2992f7844","3003"
"0x5608c81691f3d3718371cb7d8b7f2384035d6cc7bc8ba37b64c96112b3ae53c5","8845447","1572510626","10/31/2019 8:30:26 AM","0x6efb20f61b80f6a7ebe7a107bace58288a51fb34","0x8500e8c966922ae7746db4f4ffe98bc06f21b1f1","8.6"
"0x3cec7126ac4a526540565924d1ca2182e35487eede2383d1ca5a87b76046ef23","8845454","1572510724","10/31/2019 8:32:04 AM","0x6efb20f61b80f6a7ebe7a107bace58288a51fb34","0x7af1d8a78dbf6ac4ff127b8db0b8eaf57dc62539","298"
"0x6b5cfb2503b82ba7ce235f5a0ed9c4695cb9649400f380eef2835983d1037ac1","8845459","1572510818","10/31/2019 8:33:38 AM","0x082b7d1fadfa2f1f2e598ada62787717c186e2ad","0x6efb20f61b80f6a7ebe7a107bace58288a51fb34","217"
"0xb0faa1bef2277eb63ebe3bd511addadb6d71d16bdcd64e01c4f20e4e1f7180f9","8845460","1572510859","10/31/2019 8:34:19 AM","0x6efb20f61b80f6a7ebe7a107bace58288a51fb34","0xafbe093eb6ca0553e15428ccd86cdfda95fcd437","976.65"
"0x1b50cba9f1ace12b507c6b4bde46c4419affd54a16ff1f58ca9fc6d7a07bc0ad","8845462","1572510969","10/31/2019 8:36:09 AM","0x6efb20f61b80f6a7ebe7a107bace58288a51fb34","0x013e733a2de5e1408e92f94cb4c489d0ed14f526","136.66"
"0xb54f64042b957fb1c0d7aa6f150ee767d06ee8f6fdadcd3dfc0ab58b88408165","8845466","1572511036","10/31/2019 8:37:16 AM","0x6efb20f61b80f6a7ebe7a107bace58288a51fb34","0x8db58551372656499b128443206231e67733fc4b","167.25"
"0xda48f90e244d461142e4a2378c1fb96c227926b758eee5e36bee591461f1911c","8845478","1572511210","10/31/2019 8:40:10 AM","0x6efb20f61b80f6a7ebe7a107bace58288a51fb34","0xf84bac696a88e570b32197467b133e9a5459a71b","298"
"0xaac74d9f5a5569dd66ce0961fcf7e38f2868d657d16fe96f23142739fdf4e3ef","8845484","1572511258","10/31/2019 8:40:58 AM","0x6efb20f61b80f6a7ebe7a107bace58288a51fb34","0x940c494e95cc905fcbedc994472d260702cff2ff","298"
"0x85012a81b24ddbbb1144a52852ddcc3c36f6e8ef1f8ee4c17bff04268653f787","8845490","1572511352","10/31/2019 8:42:32 AM","0x5f3a00556c021eb8fa9a9fcbfa5c48f2f881ed07","0x6efb20f61b80f6a7ebe7a107bace58288a51fb34","220"
"0x39f1f2a4722a9412759b91d14f5c760c26314729067669f747f4ac0719c27d3b","8845492","1572511391","10/31/2019 8:43:11 AM","0x6efb20f61b80f6a7ebe7a107bace58288a51fb34","0x8634a810e1135118ae894496841b5ee1599deee6","700.7"
"0x5e309fd61c7e8ca031d0a0364f7e96fb6e06f61e393c9ed04af2743c5b1ea064","8845504","1572511565","10/31/2019 8:46:05 AM","0x6efb20f61b80f6a7ebe7a107bace58288a51fb34","0xd54e5f7583908e5f8447794e9beec933e5a0d1a4","148.97"
"0x926d4fbcfd36030df1c5c559f256fcbf1a8fb55187d8f59d87046848d31c5660","8845504","1572511565","10/31/2019 8:46:05 AM","0x6efb20f61b80f6a7ebe7a107bace58288a51fb34","0xf80aeede2060e3ad5f51635ea51bf6d3d9e27dc6","298"
"0xdf7e3db600bd3bf1e47e711ccc084ad63f8a426c3c023dee76d718f8d4d5e78a","8845510","1572511633","10/31/2019 8:47:13 AM","0xeee9592d9661deadca0cb5a6f82f1deb1b82c19b","0x6efb20f61b80f6a7ebe7a107bace58288a51fb34","33008.14"
"0xba69e761885c56092e753912c846bd591de340a4de616fca86f246e9eb8c7d50","8845520","1572511692","10/31/2019 8:48:12 AM","0x6efb20f61b80f6a7ebe7a107bace58288a51fb34","0xc9d7f9097651c05e555e8c2fe13c8b107c893551","298"
"0xa0a71a796a8405ea58d391070d5cfab9379e2b35700f3011215f4e712edba555","8845520","1572511692","10/31/2019 8:48:12 AM","0x6efb20f61b80f6a7ebe7a107bace58288a51fb34","0xf0c05db40bbeab0d76089e741185afeebd58bf5c","2998"
"0x574ec700e3d2b693e3ebdc7d445c4e87618b5796b32202b76fa0b4d08b591b82","8845530","1572511812","10/31/2019 8:50:12 AM","0x6efb20f61b80f6a7ebe7a107bace58288a51fb34","0xa0937c6606354283a76d421530a3f345b18f4071","298"
"0x6c8b2ffdaa92ffaf4df15730db77503d31e26a9e6354b2ef51e59fb2f720be54","8845536","1572511924","10/31/2019 8:52:04 AM","0x6efb20f61b80f6a7ebe7a107bace58288a51fb34","0xa09d3fe14e6d883e268d864dca88162103760786","298"
"0x2cf072b9c08a031270ef9d4679b1baee090278988e2876d95ff15ffc25fad82f","8845539","1572511950","10/31/2019 8:52:30 AM","0x8485484347f2f51b627e509065362c1cc566913a","0x6efb20f61b80f6a7ebe7a107bace58288a51fb34","19999"
"0xe8cd6f8e943ecb84c7ad7140df88c934cb8e2e47d4ffa07cf32692882724de2c","8845540","1572511956","10/31/2019 8:52:36 AM","0xdc08607667ab0fe6ff0d17be9c65d292f15d6fb8","0x6efb20f61b80f6a7ebe7a107bace58288a51fb34","1614.35082"
"0x864d566012083c2f54709621adbdf27a3a34ca52ed0beec0e296983e10930a8a","8845540","1572511956","10/31/2019 8:52:36 AM","0xcc8cc576d27311f9d07d4c725ce6fced92abf19c","0x6efb20f61b80f6a7ebe7a107bace58288a51fb34","129.99"
"0xce33cd0d6a3ef0f5bed62809a67897174495057ab3df7907af557772d952cd79","8845556","1572512113","10/31/2019 8:55:13 AM","0x6efb20f61b80f6a7ebe7a107bace58288a51fb34","0xa0293bc0580e811d240de37449ddfb6f18d10dc0","512.73"
"0xa7ca57f97d4bf2e9d5a83b8dda0f5a6175e018b1d4fc12cd14654f1dbfe8182a","8845560","1572512176","10/31/2019 8:56:16 AM","0x6efb20f61b80f6a7ebe7a107bace58288a51fb34","0x6123b900974dad6fde61f8592f7c677199678481","268"
"0x008d00799cb0450b7430aff808599a49e686cc5859b37939cdc32f8cfe518e7a","8845562","1572512202","10/31/2019 8:56:42 AM","0xce61df453e80b06f41911539227cda9808bf18f3","0x6efb20f61b80f6a7ebe7a107bace58288a51fb34","14163.3"
"0x8f104047174c3fb75ef8024ad90a79d2268c88759f3f30d1d19af06db1ca8bc1","8845563","1572512240","10/31/2019 8:57:20 AM","0x35c3a82a9c7e2c3cd7f1860f00fc766ca4ce5687","0x6efb20f61b80f6a7ebe7a107bace58288a51fb34","129.99"
"0xaec8c52cadfaa28bef82ee51dd43946f8534ca84e0b65b0e3603dff70a2a0813","8845570","1572512376","10/31/2019 8:59:36 AM","0x6efb20f61b80f6a7ebe7a107bace58288a51fb34","0x5fb2754cbcae2c8b9ac1db558fdac9f478997c1b","2891.6"
"0xee30fbf680f3a87166ae6b7d68d8ec66a35a22a64faa54fc162c2e3e03764707","8845583","1572512502","10/31/2019 9:01:42 AM","0xb3b1e42f613263c9e973b1d5d8dcdcf001e01562","0x6efb20f61b80f6a7ebe7a107bace58288a51fb34","300.855"
"0x870ecd7223046f4aae02612749963304fed94559934ebaa1642e6a33e16fec90","8845588","1572512579","10/31/2019 9:02:59 AM","0x6efb20f61b80f6a7ebe7a107bace58288a51fb34","0xbacda7d4e831fbcbac04d94c5f638181f3eaab4e","54.94"
"0x052f874efe75257af905afffbf394887ba04a3726df8726f5919a90cdfd26fad","8845591","1572512706","10/31/2019 9:05:06 AM","0x6efb20f61b80f6a7ebe7a107bace58288a51fb34","0xa8f2fe5d686c0d66f571b84d2b41c80698b94fef","1653.44"
"0x02a34fcf0cbe10c30230d56bbd471e1cbb14258c46c739501255deb01f5b27ef","8845602","1572512860","10/31/2019 9:07:40 AM","0x6efb20f61b80f6a7ebe7a107bace58288a51fb34","0xa9c28013f705447a889a5d750431009953fd1358","115"
"0x950ef4ad3083b2bd24482b05b39efe775714b4de551fc7ec879f799b646d4eea","8845612","1572513013","10/31/2019 9:10:13 AM","0x6efb20f61b80f6a7ebe7a107bace58288a51fb34","0xe4eee1666256db3017a3e0cea2e9642ca5181fd0","120.3"
"0x6f58cc507efa49012406baa52b506e52d32937fb03d5c2eee8144fa74b94bf50","8845617","1572513061","10/31/2019 9:11:01 AM","0x6efb20f61b80f6a7ebe7a107bace58288a51fb34","0x39639918c47153b4995b38d1c7af83cb73c6cfa9","798"
"0x51fd6e065886749eacac1d3a39903fde4ab9732fbdf9184d10052bc8552339c7","8845625","1572513178","10/31/2019 9:12:58 AM","0x6efb20f61b80f6a7ebe7a107bace58288a51fb34","0x0753bdd30a3e7c541d1e3101e975357da8630908","486.69"
"0x1293c52111543f7898ba66cf2ac917f2af8ca360f6ce7846bf851baddf4ae2eb","8845634","1572513319","10/31/2019 9:15:19 AM","0x082b7d1fadfa2f1f2e598ada62787717c186e2ad","0x6efb20f61b80f6a7ebe7a107bace58288a51fb34","142.33"
"0x85d5869c15e2df5bb0f4150c339cd841badaa9c75167f6e48256ff4dd4c72f09","8845635","1572513344","10/31/2019 9:15:44 AM","0x6efb20f61b80f6a7ebe7a107bace58288a51fb34","0xbacda7d4e831fbcbac04d94c5f638181f3eaab4e","8.29"
"0x182e03ad8d4491f56bef20e8155cd7bbe3d6894487bdca1e8e0c0cfcea489170","8845640","1572513417","10/31/2019 9:16:57 AM","0x6efb20f61b80f6a7ebe7a107bace58288a51fb34","0x4d3fd109fa56e126e0f28a5924d3cbb1fc8405f7","238"
"0xcdd2bc64da913b61baed5437f89621bf42253d759579b276a0ea8c7afdeec0f9","8845658","1572513643","10/31/2019 9:20:43 AM","0xc4b8e3c00b9393f2efdd842c5233c6a032179ea9","0x6efb20f61b80f6a7ebe7a107bace58288a51fb34","28327.611898"
"0x170c1a71630acfc2e399ad33fa6fc0effd7bfdf699c615932c1852e09bf1edd6","8845660","1572513670","10/31/2019 9:21:10 AM","0x6efb20f61b80f6a7ebe7a107bace58288a51fb34","0x4ed8e88899a17cea06f9a0add592a3e854bfa835","279"
"0x051debc2efb99d9e14afe00baebb069941a13e85a43f86778f9c1b0a8b31985b","8845666","1572513722","10/31/2019 9:22:02 AM","0x6efb20f61b80f6a7ebe7a107bace58288a51fb34","0xaf2498ed6a49239efb528ba661f64055429c2bc5","1650.05"
"0x0159bd9a9def8e045ed9aec92e592271da6c1a733c6c37c52f321ce7fe623303","8845666","1572513722","10/31/2019 9:22:02 AM","0x6efb20f61b80f6a7ebe7a107bace58288a51fb34","0x8476560142b335a438c4d552b6529abe9b6b95c2","229"
"0xa25541e37e985b61c0c0f8151d5da64e02671698e6957a4d85627d983de75f36","8845697","1572514025","10/31/2019 9:27:05 AM","0x6efb20f61b80f6a7ebe7a107bace58288a51fb34","0xbacda7d4e831fbcbac04d94c5f638181f3eaab4e","7.87"
"0x4c41c4df221d6f1f01cb7fa3bd33bb19a1df48d8dd5dde71a782cf22a3eef72d","8845697","1572514025","10/31/2019 9:27:05 AM","0x6efb20f61b80f6a7ebe7a107bace58288a51fb34","0x049400ab210e4d68e50328b43db144dca227c482","248.41"
"0xe9406d6581347b130bc41c9742ec5ac0e3b2c43128ff0cc2e57c0ed42dc1c0ae","8845714","1572514265","10/31/2019 9:31:05 AM","0x6efb20f61b80f6a7ebe7a107bace58288a51fb34","0x14e7d0e3cdaed80ff312b9c1ab3df3741e3b094d","280.47"
"0x49d77d76bfca8b16eef5623f68b2bb73c917c964ccb2619a82e280ba6f3d5cf7","8845714","1572514265","10/31/2019 9:31:05 AM","0x6efb20f61b80f6a7ebe7a107bace58288a51fb34","0x5e322f9dfd376e5bc1c921135b64700bad291a2f","680.86"
"0x64c3e58b3278d687e9b3124a618a3987072206e89aeffc764a816404e63b54e1","8845717","1572514297","10/31/2019 9:31:37 AM","0x6efb20f61b80f6a7ebe7a107bace58288a51fb34","0x731254ce877e559f73bfda38f1348a2fbfc606f2","278"
"0xee9eec034e439abd19f34812d52c64e6e28a32211bd76f9496758ca240077ade","8845718","1572514336","10/31/2019 9:32:16 AM","0x6efb20f61b80f6a7ebe7a107bace58288a51fb34","0x2b604d731bbf623c6e178d77907ecae90f7c4dca","232.6"
"0x0459a99c009bd7d6263d1f83caef11905e23bcc1f6ec378bcd8067b40aac12b9","8845718","1572514336","10/31/2019 9:32:16 AM","0x6efb20f61b80f6a7ebe7a107bace58288a51fb34","0x31a02629cf04e84fe07097e3e9ba60750e7de829","461.9"
"0xdd51d4639aa0fb183276abda4745837acf80be14b510dabb77ae3ea61685a349","8845721","1572514438","10/31/2019 9:33:58 AM","0x6efb20f61b80f6a7ebe7a107bace58288a51fb34","0x807d6c0d8cd86b2ad142a30e4cc1c5142b443a33","225.59"
"0xaa312d317f12b4dcdf637503fa746b40d1582f59207f8d1306a152d4f185ba85","8845726","1572514511","10/31/2019 9:35:11 AM","0x6efb20f61b80f6a7ebe7a107bace58288a51fb34","0x032c29835ef4f3868a595a9d6c360ad5ef25eb86","440"
"0x1e641caea83e88b18c8415a56b6a3dc1edc288b51363fbf3a13e38e9ae304eb9","8845731","1572514559","10/31/2019 9:35:59 AM","0x6efb20f61b80f6a7ebe7a107bace58288a51fb34","0xf1649e6ae94632e414cdfb3246d0ad155b906ec4","221.24"
"0xbd42a1217e29501c1420af32c6497679952ed550218a279e62ac852339e74357","8845740","1572514680","10/31/2019 9:38:00 AM","0x6efb20f61b80f6a7ebe7a107bace58288a51fb34","0xde4104f71cc941e69eff975874787eba84577c14","267.62"
"0x28e4629a9cadb0eb7e631b12f0c3c89ae5928d45f925783778d2e81890ddca8a","8845748","1572514769","10/31/2019 9:39:29 AM","0xee9baeadf00ea64ef1159362961537abb1ada39c","0x6efb20f61b80f6a7ebe7a107bace58288a51fb34","4957.99"
"0xfdf00151366bc6877c81f27cc28af0f357f91eb632a463c48bfcc95e34cbde60","8845775","1572515138","10/31/2019 9:45:38 AM","0x6efb20f61b80f6a7ebe7a107bace58288a51fb34","0xacb61943b88725b58a98d7867398cb22d865fde8","661.66"
"0x1f58a20d9a6331fcf5f2245b4a997439eaa5dfa177fb5b118e86f51c70b26475","8845777","1572515215","10/31/2019 9:46:55 AM","0x6efb20f61b80f6a7ebe7a107bace58288a51fb34","0x5691947a2725368c5c8150991a093ccfae85600f","298"
"0x57c6090f682eb951554b6e809828a742cecb51fe159d92e5377861df4d83438e","8845785","1572515356","10/31/2019 9:49:16 AM","0x98b9acffb7ffc0b8c36909b35826c83a705e20fc","0x6efb20f61b80f6a7ebe7a107bace58288a51fb34","601.361768"
"0xfb383ef2119d3a56f10148748e5d5d160d5b30dbd9a4349b41633373519f8b97","8845805","1572515712","10/31/2019 9:55:12 AM","0x6efb20f61b80f6a7ebe7a107bace58288a51fb34","0xd7ef21903c54ee9adf3a66f67b846e61de993596","798"
"0xa05cf623042f6eb48171c5d9ad824eb815f332943f217306a8bf13d220e51ca6","8845828","1572515942","10/31/2019 9:59:02 AM","0x6efb20f61b80f6a7ebe7a107bace58288a51fb34","0xd7ef21903c54ee9adf3a66f67b846e61de993596","798"
"0x518a229b02b791aae2a871e64a0e1be32c95c94b8a1a8203db347b9c1c2df655","8845851","1572516253","10/31/2019 10:04:13 AM","0x6efb20f61b80f6a7ebe7a107bace58288a51fb34","0xdb9f875cf344005ce8663aed1f1e8fd577f2f758","798"
"0xd7071fa74e2464088bb54af360df583da7f405a8cb509a624c15030f1387b406","8845861","1572516411","10/31/2019 10:06:51 AM","0x6efb20f61b80f6a7ebe7a107bace58288a51fb34","0x884063c540ac43bd3033b4a3358bceb8ea26b75c","87.97"
"0x344345f1b1a974dd1bd2e127f46befcb861232a69972058be76c6b633fa1ca7c","8845865","1572516467","10/31/2019 10:07:47 AM","0x6efb20f61b80f6a7ebe7a107bace58288a51fb34","0x8e05479bc80286b800c48370db6f6d5cbd813d82","798"
"0x1a4a68a147dd9db8f5241df9360e1395f1ad9069710b5d49593109601fe77877","8845880","1572516587","10/31/2019 10:09:47 AM","0x6efb20f61b80f6a7ebe7a107bace58288a51fb34","0xf5e2342815df391e841573dbe029bd17c96b89da","411.9"
"0x708a970f72cfe6fe32b89cf6ab541ee54ecfe04b181be3b0ceaa6107fcab5880","8845892","1572516753","10/31/2019 10:12:33 AM","0x0aa82ba917ebe11e63af3b0c002e55c53b7834c7","0x6efb20f61b80f6a7ebe7a107bace58288a51fb34","4059.2"
"0x912d53f159e0683d0faa1e35df44fc11199df93cf9824e09e21c619685d7475c","8845914","1572517029","10/31/2019 10:17:09 AM","0x66ff0e18f1304da684d341be78fbffca39f6cd7c","0x6efb20f61b80f6a7ebe7a107bace58288a51fb34","3615.448039"
"0xf37cb3035273c302dde4911fa56e40cc5d9e4a308d489a5609cbca876b67af09","8845940","1572517334","10/31/2019 10:22:14 AM","0xaa44564acf63875571e1c217097922efbd202d8d","0x6efb20f61b80f6a7ebe7a107bace58288a51fb34","221.99"
"0xe463e919834e7b2772d41050aeacde448c4cdf4b41f96fa34864bdee885f4bde","8845940","1572517334","10/31/2019 10:22:14 AM","0x16dffffe6519ec81ed179d098fdb0117391627f2","0x6efb20f61b80f6a7ebe7a107bace58288a51fb34","4413"
"0x7a00abcdaafc7626e70dd86a0007c442be6d7f29a772a7d6ac66a15b9bc4ecf9","8845954","1572517470","10/31/2019 10:24:30 AM","0x6efb20f61b80f6a7ebe7a107bace58288a51fb34","0xa5c7b385ebd64c21debb4e6671708bdcbe0c795c","597.66"
"0x51a47c0fcbf01607e54b4fa5fd46b31d12cd4525d91144c63d2ef971a273aea7","8845965","1572517610","10/31/2019 10:26:50 AM","0x6efb20f61b80f6a7ebe7a107bace58288a51fb34","0x584bc0cccbcfac9d16fa224d578059c80dd9ee3d","803"
"0xe0021879d98b1f3720cd48f7388e064b48bf1a65b9f7ec0272d8be3fd2b8efee","8845968","1572517691","10/31/2019 10:28:11 AM","0x6efb20f61b80f6a7ebe7a107bace58288a51fb34","0x46755cd3d3806b939b50c7fa608e1ab271f0ff44","114"
"0x7c5cac05c3886abb231aba6a498b1cd737d90ac144d1e589bbd8ffa50f978ac0","8845968","1572517691","10/31/2019 10:28:11 AM","0x6efb20f61b80f6a7ebe7a107bace58288a51fb34","0x0f14d2b26dcf56212a281dc29becb138dab6918a","379.36"
"0xbda2a43cf959a576548acbacc403d3947eac60ab3dcaf1d35a784ed7ef877920","8845975","1572517795","10/31/2019 10:29:55 AM","0x6efb20f61b80f6a7ebe7a107bace58288a51fb34","0x4a29e979793b3f25978e6a57127618613306391b","114"
"0x4ce25b1291453f4c64a858a27c2a991593b07d6a721ad861c93ccccd5ad2c3e7","8845986","1572517921","10/31/2019 10:32:01 AM","0x6efb20f61b80f6a7ebe7a107bace58288a51fb34","0x6e79676ddd4c754f9ce0fd680db8cb322ceb33b5","804"
"0xb762333f86423beb9418e20b4bc46ab2809d014a897e85137d6e1f223e664f61","8845987","1572517935","10/31/2019 10:32:15 AM","0x6efb20f61b80f6a7ebe7a107bace58288a51fb34","0xadb264d45e7d6c79de03b58469a69043c7d0ed67","115"
"0x0395e135d7ca998bb0bc98da66409193c7accc7f7b879433c342a1cff0111328","8846018","1572518464","10/31/2019 10:41:04 AM","0x6efb20f61b80f6a7ebe7a107bace58288a51fb34","0x1905eca67bb96965f151c983e69160f37d9a866b","58.08"
"0x36de16beb8b42d68e1d42f20aba5fb768cf0316ee5f61e817f2a9f343ec1f555","8846035","1572518636","10/31/2019 10:43:56 AM","0x6efb20f61b80f6a7ebe7a107bace58288a51fb34","0x0e54792e6b57aa43b363332564e706e2ffa4c024","1498"
"0x4c4d38d3f3dfc89939ed83929db88e882fc92e532e3880c35f57b6f82e2efecf","8846056","1572518950","10/31/2019 10:49:10 AM","0x6efb20f61b80f6a7ebe7a107bace58288a51fb34","0x6b0fcf57aff2fd0e64d85fb666eee35967254a4d","510"
"0xdba6c1d481077af713751707c38bc6e28eb23b2afccbad3ac1a3b0bab8186382","8846059","1572518991","10/31/2019 10:49:51 AM","0x6efb20f61b80f6a7ebe7a107bace58288a51fb34","0x032c29835ef4f3868a595a9d6c360ad5ef25eb86","119.26"
"0xcfc8c87120e33032266f68b3e83d7fab12bfbb427db895a587ff24dfd80da667","8846059","1572518991","10/31/2019 10:49:51 AM","0xbe31c047d516a3af6021ac558abce44e5b62c83b","0x6efb20f61b80f6a7ebe7a107bace58288a51fb34","118.46"
"0x059c6ca6d15b66db8021234eb0097feb2590f7a6dd4c561073d3d09e8ee22402","8846059","1572518991","10/31/2019 10:49:51 AM","0x1c51478c72061b60fe5e205f3f5bca6315c4967e","0x6efb20f61b80f6a7ebe7a107bace58288a51fb34","77.13"
"0xef944462a42ae5dddba067ff821f48f47125496f57536542db8878516e7929c2","8846081","1572519274","10/31/2019 10:54:34 AM","0x3ea4ba8770d18d3848ae170c39e67a09111db4bd","0x6efb20f61b80f6a7ebe7a107bace58288a51fb34","10000"
"0xda205b7b2d4983aad582c368e3487d50bbddf2f61f8ed7e36ca280237af52c51","8846083","1572519300","10/31/2019 10:55:00 AM","0x6efb20f61b80f6a7ebe7a107bace58288a51fb34","0x7d8dc77fcc5f229cd9a038cb32a7b6b9cd612421","498"
"0x4f844bd880fc5495fe38bf4073a06bb2b94e2467c652ac60095e48632277d08f","8846114","1572519616","10/31/2019 11:00:16 AM","0x6efb20f61b80f6a7ebe7a107bace58288a51fb34","0x5a924af4feb2914378c2474d43739449f29a753a","688.96"
"0x11b395abcc6717bcf295987929aac34e02644901864f6daf5de128db7fcf930b","8846136","1572519962","10/31/2019 11:06:02 AM","0x6efb20f61b80f6a7ebe7a107bace58288a51fb34","0x1905eca67bb96965f151c983e69160f37d9a866b","7.22"
"0xda67c54c2c76e0c7349e3da92f422eb88565649645e9e40474d754970054f2e7","8846154","1572520204","10/31/2019 11:10:04 AM","0x6efb20f61b80f6a7ebe7a107bace58288a51fb34","0xb30810dfdad57b48ef43e2d483dc21a39f8c538f","280.48"
"0x08361703502a96b125edb583fbfd229d6372fb525b94048e589122d88d1ef7f8","8846161","1572520263","10/31/2019 11:11:03 AM","0x6efb20f61b80f6a7ebe7a107bace58288a51fb34","0xd9157726974f2066c96deb9bc96b2fcf9f59bf60","7"
"0xd7869c987b7383028d9bd6b3f035d74c3bbc73156899b19a5505426ebe154a76","8846174","1572520416","10/31/2019 11:13:36 AM","0x66805477f05450f9a312e9e6bcd03431ef613d59","0x6efb20f61b80f6a7ebe7a107bace58288a51fb34","3966.51"
"0x7565f6283dff9592ee8344438a33ed9c90746100269dfa1dcdecd2664357d69f","8846181","1572520576","10/31/2019 11:16:16 AM","0x6efb20f61b80f6a7ebe7a107bace58288a51fb34","0x1905eca67bb96965f151c983e69160f37d9a866b","326.05"
"0x04f2331607b24169390e046591a403e93d4b952e663ea71ab49a5800ce0ad872","8846181","1572520576","10/31/2019 11:16:16 AM","0x6efb20f61b80f6a7ebe7a107bace58288a51fb34","0xfe783a8ab37882c3465d5f5fd5b1747d9bafde10","3263.82"
"0x7c96adf5fa5efa8970cc9eb25ed8102c780c3725e66576aad47ef044364b4ed3","8846190","1572520678","10/31/2019 11:17:58 AM","0x7fc2fb2b3980cc64d194b7d3e228824e34a4b184","0x6efb20f61b80f6a7ebe7a107bace58288a51fb34","500"
"0x281c71e33bd92a6dd9abb59614ada755200857e23b72f6ce1ee39bdf4e545b9c","8846211","1572520980","10/31/2019 11:23:00 AM","0x6efb20f61b80f6a7ebe7a107bace58288a51fb34","0x2d07aa1ddf05066e2fbfcb47bb1e2c93486b9311","108.96"
"0x1d9495449cb54cffcfcdc89a37b6ea76e25c613cffcc8b83684b80eb227dd337","8846211","1572520980","10/31/2019 11:23:00 AM","0x6efb20f61b80f6a7ebe7a107bace58288a51fb34","0xd9157726974f2066c96deb9bc96b2fcf9f59bf60","93"
"0xd2fc452aab23cc274f8d78f8bf07bea4d31e6b4f1c4ce536292e3168067d4270","8846219","1572521038","10/31/2019 11:23:58 AM","0x6efb20f61b80f6a7ebe7a107bace58288a51fb34","0x2d07aa1ddf05066e2fbfcb47bb1e2c93486b9311","773.01"
"0x51594136cddb6e2c89d8bbad79e8b50a4824761c8b78bce6cd1a6f543f426cc1","8846242","1572521285","10/31/2019 11:28:05 AM","0xec938710d4d3df37ef4bafac07dd229107142747","0x6efb20f61b80f6a7ebe7a107bace58288a51fb34","1995"
"0x8628d2b858859fbf910459b443e191a6182bb4f108797b8eae0fa70fb4b15fb4","8846255","1572521577","10/31/2019 11:32:57 AM","0xc4ea9932aeae0a961b8816cbd0bb307e7c178999","0x6efb20f61b80f6a7ebe7a107bace58288a51fb34","277.916151"
"0x23254c2828e6b1098abb5cee804b5d3d0142fa3e4a8257234953c3bbf8adfb8d","8846260","1572521642","10/31/2019 11:34:02 AM","0x6efb20f61b80f6a7ebe7a107bace58288a51fb34","0xafd2c628ff32512a141899b00fbc4ab3c30f6f75","548"
"0x47b8fa9b59de1bd544b9033be9b7e43e168e5fb9e48a159cdf6446fc3f6ce5e3","8846267","1572521813","10/31/2019 11:36:53 AM","0x8888e767e08d28c0b6750a15d3cf72c198a0eda9","0x6efb20f61b80f6a7ebe7a107bace58288a51fb34","1415.42062"
"0xb162a505c7b249be75896f8082e9710c93c56bd3d32fb2a9a1bde67cc3d4a436","8846296","1572522147","10/31/2019 11:42:27 AM","0xfa9ff758416ba337922bdfc5ea00934869916316","0x6efb20f61b80f6a7ebe7a107bace58288a51fb34","145.959852"
"0x95a3c59424df6b7b2c1b5f2589a8ab9db8a6afa669a6ad666a234b2bd4d179df","8846313","1572522306","10/31/2019 11:45:06 AM","0x6efb20f61b80f6a7ebe7a107bace58288a51fb34","0xacf724112382bfcf8f9b9fdcdc66af39b40e33fb","512.2"
"0x9340b80ab92c4c61f9c9fd2a545737f408b3a2e3221c4b80a95a42d1e6326e8a","8846321","1572522434","10/31/2019 11:47:14 AM","0x09ed23d57dfd29548c949f5db36fdab38fb36bb3","0x6efb20f61b80f6a7ebe7a107bace58288a51fb34","50.99"
"0x56f8c81da4874c9b1aa60286023190174053dbfe2e89df7ec157f79a9680917d","8846321","1572522434","10/31/2019 11:47:14 AM","0x4aa75f6cce5cea501697233e7fde2072e5ce24da","0x6efb20f61b80f6a7ebe7a107bace58288a51fb34","1998"
"0xb8bf7368648638fa20cb4bcd3b25d9d43d2f82582811eb48438c890d09235aa5","8846321","1572522434","10/31/2019 11:47:14 AM","0x7fc2fb2b3980cc64d194b7d3e228824e34a4b184","0x6efb20f61b80f6a7ebe7a107bace58288a51fb34","1999"
"0x43ed2f92742239b8ec5ad29965c9d2431335460052bbe1b31892f5e81658ad00","8846337","1572522700","10/31/2019 11:51:40 AM","0x1181c02a99b799e2509f38950faa493f03bfdc40","0x6efb20f61b80f6a7ebe7a107bace58288a51fb34","13289"
"0x739f77ce6554477d8009a72bf61f64c0afcef25671b7aab5ebcb083d23b2dc09","8846339","1572522722","10/31/2019 11:52:02 AM","0x6efb20f61b80f6a7ebe7a107bace58288a51fb34","0x02edd132153364fee74292fbfc8621f477c04653","998"
"0xf883870f6fa7ba9eee7c53aec7debb5c7347f75c746d7774591270d710a79a53","8846363","1572523073","10/31/2019 11:57:53 AM","0x6efb20f61b80f6a7ebe7a107bace58288a51fb34","0xe9be4d2e9ef1c4bfcda1ae937c9bd1463d6f870f","139.24"
"0x1ef1cf46f16839ab812a73f0225805e1079bdb1d8e674a95468c2f66d9e1dfe5","8846379","1572523300","10/31/2019 12:01:40 PM","0x6efb20f61b80f6a7ebe7a107bace58288a51fb34","0x2853369d3c4ff153863e010a7d3f538b73ecdc5e","97.99"
"0x629556c429eeafa79e5ec98fce969eefd29decc4f8d6c5d3722bacc28d24296b","8846388","1572523554","10/31/2019 12:05:54 PM","0x1a80f35a2937ea4c87f72feff6b6c9d44aabe087","0x6efb20f61b80f6a7ebe7a107bace58288a51fb34","498"
"0x6bf349cdc774669d2ff8163112202f458a6610b93854db080c11f55a121c5d5c","8846412","1572523855","10/31/2019 12:10:55 PM","0x3853d2f0c4511927021825b5ae6e501492ad840c","0x6efb20f61b80f6a7ebe7a107bace58288a51fb34","1068.118154"
"0xc9171daf816aa6977433f6836bc21b90d694bd6fbe60be8971a8a53376992325","8846412","1572523855","10/31/2019 12:10:55 PM","0xa9ec8d009ed0760a37ab374f79c38c5353463889","0x6efb20f61b80f6a7ebe7a107bace58288a51fb34","999"
"0x5bb040d4c340b68f21de60745073557b6897c272c116b1e01902e92b397d9551","8846444","1572524216","10/31/2019 12:16:56 PM","0x6efb20f61b80f6a7ebe7a107bace58288a51fb34","0xfbd15deff1cab439a6e9ab65e83a2b39db975c09","2063.29"
"0xecc251ecd51cc99f94464254f05096ecbc629a7ea34ba7b75f615b19936a25f9","8846451","1572524277","10/31/2019 12:17:57 PM","0x6efb20f61b80f6a7ebe7a107bace58288a51fb34","0x27df2e70b9deba2497b14a7bba21a5eef9b3a3ac","213"
"0x3602d0b0fe724a63753a3c4c2899b6c4d8654a713a055df2523ef965c975ea45","8846499","1572524875","10/31/2019 12:27:55 PM","0x6efb20f61b80f6a7ebe7a107bace58288a51fb34","0x5ca0e3405d1afcb7ce1bb2701f3279b73bc87024","1301.98"
"0x13e9dd4c47b7784da70f2934abe7b6a5405fd609bc32a3468ced5f53230981a8","8846503","1572524970","10/31/2019 12:29:30 PM","0x3853d2f0c4511927021825b5ae6e501492ad840c","0x6efb20f61b80f6a7ebe7a107bace58288a51fb34","666.687129"
"0x81eb1c55a77908b91add062dcc432518451d062380346deb73ea509c0ba3c6cd","8846503","1572524970","10/31/2019 12:29:30 PM","0xcd76142050ccddd2778d9b39a6f9cb3ff03db5ed","0x6efb20f61b80f6a7ebe7a107bace58288a51fb34","100"
"0x19e5787d04ff8fd8811816bd045745b94605b5105da6a5bff321e04674fce4b0","8846584","1572526041","10/31/2019 12:47:21 PM","0x7e1188eb94b05b4a7d86084cb44d58ce308b9247","0x6efb20f61b80f6a7ebe7a107bace58288a51fb34","1200"
"0x3d08f88a532808f80636a5436e63253c0a9fc1436257e902f754346444212b48","8846584","1572526041","10/31/2019 12:47:21 PM","0x7fc2fb2b3980cc64d194b7d3e228824e34a4b184","0x6efb20f61b80f6a7ebe7a107bace58288a51fb34","500"
"0xb9b6e12e4b33cc34f67010e6fe8ae743f147c6526ccca2c7ee0bb3a4ba061620","8846584","1572526041","10/31/2019 12:47:21 PM","0xec938710d4d3df37ef4bafac07dd229107142747","0x6efb20f61b80f6a7ebe7a107bace58288a51fb34","1995"
"0x00a73dbae814057a7bbdcfac44b73f2cd8bceb649d964d5bc281ab30eed4317c","8846605","1572526308","10/31/2019 12:51:48 PM","0x6efb20f61b80f6a7ebe7a107bace58288a51fb34","0xfbd15deff1cab439a6e9ab65e83a2b39db975c09","2150.91"
"0xbfe01e735017dcf5a1f4229edf9e5fcd17923a58f40f797b7f79c0fc1d7c77b7","8846613","1572526451","10/31/2019 12:54:11 PM","0x6efb20f61b80f6a7ebe7a107bace58288a51fb34","0x6becfbf8a47d9557d7cf4540cc312f458358e33d","310"
"0x111e0af6e6dc928ae6a88d3d3d64c9a5a1353c4e572977b028bad5e7f1125f86","8846644","1572526922","10/31/2019 1:02:02 PM","0xce61df453e80b06f41911539227cda9808bf18f3","0x6efb20f61b80f6a7ebe7a107bace58288a51fb34","13204"
"0xaa0e5716c4f1a97cf8c6476db021cf944cab448cfa5f08a3a484e3a84fa8366b","8846644","1572526922","10/31/2019 1:02:02 PM","0xc5e54184e466f77a082083167af9ab0e71970983","0x6efb20f61b80f6a7ebe7a107bace58288a51fb34","549"
"0xcfb8041070bef1f06fe79997b89cbab838f8cda861ee84d649c4e062b6a01734","8846644","1572526922","10/31/2019 1:02:02 PM","0x66805477f05450f9a312e9e6bcd03431ef613d59","0x6efb20f61b80f6a7ebe7a107bace58288a51fb34","2244.55"
"0x6da0bfc566879181f14e7acc941b9810e62d40b4cdf91e3fc3a7ce1419171bce","8846683","1572527511","10/31/2019 1:11:51 PM","0x36e3166cb4f5a8f1d237456447810ddf28d659cc","0x6efb20f61b80f6a7ebe7a107bace58288a51fb34","1999"
"0xd5e677e7c4439dcd40c9c3b051675ec00305d50c6dd3ec957bd5be53472b37da","8846772","1572528544","10/31/2019 1:29:04 PM","0x6efb20f61b80f6a7ebe7a107bace58288a51fb34","0xf5b3d192c84533999de31d2167cadd5665f6c1f2","139.44"
"0xdccbb98f67d315c2b1dd72852ec0af59543ba95d80b3bfb265cf3613fdb12f18","8846779","1572528614","10/31/2019 1:30:14 PM","0x2c70a73a900028318f7c0e616cfe5f8e0c32065d","0x6efb20f61b80f6a7ebe7a107bace58288a51fb34","1995.207662"
"0x6f8f7e1a647d5055a2257246b2f76c6035ae4621659d62b34f2fed068995c4d0","8846800","1572528947","10/31/2019 1:35:47 PM","0x6efb20f61b80f6a7ebe7a107bace58288a51fb34","0xbf103135a28aeeadd2f4dc70203f5205f858bef8","640"
"0xd08bc816efb01a2230513d22831ed328b48d2768d1a92b8accdc0bb95f6b56a6","8846801","1572528975","10/31/2019 1:36:15 PM","0x6efb20f61b80f6a7ebe7a107bace58288a51fb34","0x5304519dfbb00e1b427b8cca0c1b54f1b4d395a9","524.06"
"0x44e51b210754351828940e102bd228481fb21dc4186b3b0ba9e8fe45ada5951c","8846835","1572529506","10/31/2019 1:45:06 PM","0x1609621125ce588f118a7c12d355b84b5f4c2930","0x6efb20f61b80f6a7ebe7a107bace58288a51fb34","52.897897"
"0xe48eb7a20287f035f5495efd86125e8b7f67621f1299f6e8d7baec05faec40f6","8846844","1572529586","10/31/2019 1:46:26 PM","0x6efb20f61b80f6a7ebe7a107bace58288a51fb34","0x89df414b1109c48aa8a6af8ad9a71cce29481c51","259.67"
"0x426ef4ff1847041c2be442487cda922d62652bd382f6cf860d44e8f2b6d3e99b","8846857","1572529742","10/31/2019 1:49:02 PM","0xe5a8e9d455bb1f670f07d3a09b147de89800d784","0x6efb20f61b80f6a7ebe7a107bace58288a51fb34","500"
"0x2f4f4ce0fd436c3f618e4f201be2d7dd13e6e35901579974d6a8dab369306d2d","8846863","1572529804","10/31/2019 1:50:04 PM","0x6efb20f61b80f6a7ebe7a107bace58288a51fb34","0x9988089ca4004ecfffe7a7378535826ee8a22698","280"
"0x34ddd4589515229314e9caab05e058215bcc72e07e83cfac894a497aaf77f3e5","8846892","1572530171","10/31/2019 1:56:11 PM","0x6efb20f61b80f6a7ebe7a107bace58288a51fb34","0x32ba17ecf80ba2e377ca0e402c43a5069d36ef98","564.66"
"0x937ffb4827d11ebb0d5eefc5342745f26e6df24869fb6975b5b771ae551b63a0","8846906","1572530443","10/31/2019 2:00:43 PM","0x6efb20f61b80f6a7ebe7a107bace58288a51fb34","0x61e76e0e1c06aff2b82954b270878ca7505571f3","6998"
"0x96e879def709d67b3837d5a8e4c62d135058db8112f6f8c6a60bf4e3d9e49e21","8846921","1572530605","10/31/2019 2:03:25 PM","0x94f913723060f6eb1681d825c9420c0b4e49a87e","0x6efb20f61b80f6a7ebe7a107bace58288a51fb34","469.657747"
"0x39271e9428c786931e4bf8e170f91402411998ef008c283e23f51005bec1fbf9","8846921","1572530605","10/31/2019 2:03:25 PM","0x14dfcca586c443c582f6d70d1e742fd4bac2044e","0x6efb20f61b80f6a7ebe7a107bace58288a51fb34","1000"
"0x8f2c3fa8de51d5097741c7b4990a04ef3bcb11737dab77f74fef80d0af0caec6","8847012","1572531993","10/31/2019 2:26:33 PM","0x39acc3f976c94cf44eaf9270b4cd626492473ce6","0x6efb20f61b80f6a7ebe7a107bace58288a51fb34","179"
"0x4a87e3f6c1c84070872d813700233a34f5287c1bb55aab61230fd359e767665a","8847012","1572531993","10/31/2019 2:26:33 PM","0x6c0673c85985363fa0563a5542302b4eaf39d39e","0x6efb20f61b80f6a7ebe7a107bace58288a51fb34","698.99"
"0x73188503dad1e70fb2878b7e9bb3fdcb391702c9c4a2dd9c46b897869b3337ab","8847030","1572532259","10/31/2019 2:30:59 PM","0x6efb20f61b80f6a7ebe7a107bace58288a51fb34","0xfbd15deff1cab439a6e9ab65e83a2b39db975c09","2171.86"
"0x7e36d7044faee6f0d3a8e35f5ceabc02225d0b4bd109997c4f9d3c24ed77e3d8","8847032","1572532290","10/31/2019 2:31:30 PM","0xcdbcded4496926bbd0319fdc188fab76db0ce170","0x6efb20f61b80f6a7ebe7a107bace58288a51fb34","23556.37"
"0x720e134f67f1de3933d130c065f2b099efaa4922e52feb982ba26db7ae8ebcb1","8847049","1572532452","10/31/2019 2:34:12 PM","0x6efb20f61b80f6a7ebe7a107bace58288a51fb34","0xe234ab3f1cba5867b929a1cea8dcf8dd686bca33","2390.04"
"0xd66ab5382fc7105451c7af4e6a3389f1074568859c008fba5f853e26aaade9dc","8847059","1572532639","10/31/2019 2:37:19 PM","0x6efb20f61b80f6a7ebe7a107bace58288a51fb34","0x47e7b41f8a6cd9c94dd877a2fef79b0191f4edeb","24.23"
"0x03915e02ad8b1cf0acbcd26c98ab16c01a5786eb0e97a3c370d06cc92b449909","8847070","1572532807","10/31/2019 2:40:07 PM","0x1fd31f2edad003f245a051490fc352d01a1ac380","0x6efb20f61b80f6a7ebe7a107bace58288a51fb34","500"
"0x2dbd5f9f3d9afb873c806d22328cf8c6ba412ac4ed96ddce1845136a3c705af9","8847070","1572532807","10/31/2019 2:40:07 PM","0x6f638ef1070be1b9427a025136aa80f86488289b","0x6efb20f61b80f6a7ebe7a107bace58288a51fb34","681.985"
"0x61a76180fd5d8986dec59303d35a1e6a32791b29a319b5a7a88cf48a1eac9ed1","8847071","1572532863","10/31/2019 2:41:03 PM","0x6efb20f61b80f6a7ebe7a107bace58288a51fb34","0xd3ed5b17de1e7f887f961737efce283bb3db70cb","242.99"
"0x8cc62151723ecba2f5f9904624b9968fb47afbcc7301c38bb2e233c71ba42535","8847091","1572533181","10/31/2019 2:46:21 PM","0x7fc2fb2b3980cc64d194b7d3e228824e34a4b184","0x6efb20f61b80f6a7ebe7a107bace58288a51fb34","1170.062738"
"0xc79778c49d38cacdcf00524a22a9f8ea4fd41e67d443038c80bae08436c1e5e6","8847107","1572533389","10/31/2019 2:49:49 PM","0xce761bc93ac2ad841c9cb40682a1e510994ae4c8","0x6efb20f61b80f6a7ebe7a107bace58288a51fb34","394.53"
"0xeb32d07a89873b1e0ec81154f637365a87d9a57c4f1056728aa1b7c366694206","8847107","1572533389","10/31/2019 2:49:49 PM","0x733bc1f31e331f7a9de7f76be213f42fff9d7685","0x6efb20f61b80f6a7ebe7a107bace58288a51fb34","742.99"
"0xdd13e896ced82a3600fd5c02003dcf702cb2d764234b5eae14fdffa22a32820f","8847121","1572533689","10/31/2019 2:54:49 PM","0x6efb20f61b80f6a7ebe7a107bace58288a51fb34","0x5fdc25194782db001ed2edfa8a79dd867ee283f7","3466.79"
"0xda1fa82c3bdee9917af1cadc24a5bc4cc4791a1263b59f7593b0d995f793b7ba","8847149","1572534026","10/31/2019 3:00:26 PM","0x931779a6345a528c6b11422fca164fb34a2f68fd","0x6efb20f61b80f6a7ebe7a107bace58288a51fb34","129.99"
"0xe1939baac43098a004058a169c1803353f2043fbea5bcab321185f7124688006","8847167","1572534308","10/31/2019 3:05:08 PM","0xcc8cc576d27311f9d07d4c725ce6fced92abf19c","0x6efb20f61b80f6a7ebe7a107bace58288a51fb34","130"
"0x8fd459f9010a6c31c3e512847a21df65cae68ac2e4fc8317ebed733678d9c9ad","8847167","1572534308","10/31/2019 3:05:08 PM","0x35c3a82a9c7e2c3cd7f1860f00fc766ca4ce5687","0x6efb20f61b80f6a7ebe7a107bace58288a51fb34","130"
"0x5a3d408f0f99384c17fbf92bc8e50044e69d1eb04d4a7c5f44b1b4c8acaa02f3","8847167","1572534308","10/31/2019 3:05:08 PM","0x932025cab6c530718b137ac6e7b1a42a814e75d8","0x6efb20f61b80f6a7ebe7a107bace58288a51fb34","2869.9219"
"0x1bed4cfaf4622fb1179f958b5eee4a70d04443a54ffc6653273a1f5c0a29be33","8847191","1572534596","10/31/2019 3:09:56 PM","0x5e808b152722d1c4748f174739e432e759789fa6","0x6efb20f61b80f6a7ebe7a107bace58288a51fb34","359.555203"
"0x7256fda79ea965972fa118c73db0eaaf787f6fad71980d077d37bdc4390f0de2","8847269","1572535692","10/31/2019 3:28:12 PM","0xcdbcded4496926bbd0319fdc188fab76db0ce170","0x6efb20f61b80f6a7ebe7a107bace58288a51fb34","21684.85"
"0xc1b4289994d8cd297f12f0275d29d944a2680982e188728658afa6fa05231714","8847314","1572536227","10/31/2019 3:37:07 PM","0xa7fca23d7b02c98252e6c5142e2faeafdab44959","0x6efb20f61b80f6a7ebe7a107bace58288a51fb34","2999"
"0x972b9a626c09d33d366d1ed339c1e19dfd5a0d8997080d9d2f75107782d2ad1d","8847404","1572537416","10/31/2019 3:56:56 PM","0xc1b5f9363e86e295792d6e07c0745c3e8d651c84","0x6efb20f61b80f6a7ebe7a107bace58288a51fb34","2167.4182"
"0x52a1bb8cf16b16ffc10e28d1449e81c79b51270fbe4a8b4ac9a285bef70a8758","8847404","1572537416","10/31/2019 3:56:56 PM","0x3ea4ba8770d18d3848ae170c39e67a09111db4bd","0x6efb20f61b80f6a7ebe7a107bace58288a51fb34","5000"
"0x377e410aa575643ac82c66aa2b7816a7e50caa1f4db95c96d4a82bb693824a2b","8847404","1572537416","10/31/2019 3:56:56 PM","0x461a3031431f5fc5646488186beb83675dc8ff57","0x6efb20f61b80f6a7ebe7a107bace58288a51fb34","3473.99"
"0x4371056e3d2a24d0822178bafb0d14f9399f217942b8df759c331dcaa80a64d5","8847404","1572537416","10/31/2019 3:56:56 PM","0x6c0673c85985363fa0563a5542302b4eaf39d39e","0x6efb20f61b80f6a7ebe7a107bace58288a51fb34","802.232992"
"0x3ad98c999c8ef606a96a248536c18218e9e2acece8728bd1d324a40391e7210a","8847441","1572537948","10/31/2019 4:05:48 PM","0x3ea4ba8770d18d3848ae170c39e67a09111db4bd","0x6efb20f61b80f6a7ebe7a107bace58288a51fb34","10000"
"0xd418c8a7cddfbc7857f8a25df6f4b9911ad125db8b35c61a8f6b4fbd44dbe6b5","8847461","1572538286","10/31/2019 4:11:26 PM","0x6efb20f61b80f6a7ebe7a107bace58288a51fb34","0xecc65e1384088212e21eaadae34b3145d52d6529","1998"
"0xa10a5b5c72e28466f1819ba279d738c4ce94d831531455df919e38faa053aaac","8847461","1572538286","10/31/2019 4:11:26 PM","0xce61df453e80b06f41911539227cda9808bf18f3","0x6efb20f61b80f6a7ebe7a107bace58288a51fb34","14848"
"0x86e67a9f3c4284de49aa5f1d869639dc06cc141cad9ba79e57bf69b095599087","8847496","1572538778","10/31/2019 4:19:38 PM","0x6efb20f61b80f6a7ebe7a107bace58288a51fb34","0xe505f51382a763981086556d8321cd817051ac5f","1660.02"
"0xb45ca31e98f3ab69ea2bc064d4c29e8c4095784873985b54eeda470737482499","8847497","1572538835","10/31/2019 4:20:35 PM","0x945aae2b73839948d7a86bc2c2ead2618c4c8868","0x6efb20f61b80f6a7ebe7a107bace58288a51fb34","1913.883617"
"0xeeec36f0522d94a964bc2a97cf379815273f72e48eb9e3ac71f39e54003a760c","8847509","1572538972","10/31/2019 4:22:52 PM","0x6efb20f61b80f6a7ebe7a107bace58288a51fb34","0x1e3c20cd390a9961a00c7b27701019567dffa7be","50"
"0x2994a7a2001ec9c7adedd8629d825f9334a8d7edf192103074dc1f2c08872743","8847517","1572539103","10/31/2019 4:25:03 PM","0xc1b5f9363e86e295792d6e07c0745c3e8d651c84","0x6efb20f61b80f6a7ebe7a107bace58288a51fb34","2189.81"
"0x973830b323d20083f5fc1b9ee3c4c422ef31c3bdf287520adf23b9b07fda5fe7","8847528","1572539318","10/31/2019 4:28:38 PM","0x6efb20f61b80f6a7ebe7a107bace58288a51fb34","0x2b2bb808fc6ec89c6b630779c9cca5d40914df2c","13830.18"
"0xb78d3c67d135ad8f31c4860e1b7d8b03944726e078c132f6d67d8038fb3884e1","8847528","1572539318","10/31/2019 4:28:38 PM","0x95747af75528f6b613db20bb0b8e77fa741b9908","0x6efb20f61b80f6a7ebe7a107bace58288a51fb34","4436"
"0x8f4a95388d4cb395577d1ac31304284008ae3fb96e11963f49135bb35f032aa7","8847549","1572539627","10/31/2019 4:33:47 PM","0x2b2bb808fc6ec89c6b630779c9cca5d40914df2c","0x6efb20f61b80f6a7ebe7a107bace58288a51fb34","13830.18"
"0x2d50c796370544bfbc6a7965f2090e72c578b1f2a1541d53e59d1ce580f3224d","8847549","1572539627","10/31/2019 4:33:47 PM","0xa39d8012a27c9427356c08c116e3344c0dcef163","0x6efb20f61b80f6a7ebe7a107bace58288a51fb34","498.99"
"0x38b5d7e78de71f800d6cdd29e660daf01f622586887e5b3cab1831e60f07777e","8847574","1572539994","10/31/2019 4:39:54 PM","0x6efb20f61b80f6a7ebe7a107bace58288a51fb34","0xfc386a6aced09df1537ef70950a3c482c40e5088","1556.98"
"0x99c929d2642df211421b2162eb2500f1698e90f87fd1498cee388baa2837ad7c","8847582","1572540125","10/31/2019 4:42:05 PM","0x6efb20f61b80f6a7ebe7a107bace58288a51fb34","0x2c13b7149877313d59a1b8f662cc51b927ecd166","4434"
"0x7095ee831467aa666e11f51a16be810487ade34aeb7f4532bf110761881cba88","8847605","1572540476","10/31/2019 4:47:56 PM","0xa17e3267c6b5fd3314986178808181ece2030d7f","0x6efb20f61b80f6a7ebe7a107bace58288a51fb34","263.666107"
"0x1feff8e89b3595a93aca5d9813b3736da38167966bc244efef5e457b84c3ecf0","8847605","1572540476","10/31/2019 4:47:56 PM","0x3ea4ba8770d18d3848ae170c39e67a09111db4bd","0x6efb20f61b80f6a7ebe7a107bace58288a51fb34","20000"
"0x1d9bd68aa03ceb0060c4cf27dd1439590393d1fff216834490ba2af485ddfa41","8847623","1572540738","10/31/2019 4:52:18 PM","0x66aa47ffc7b115559bdfacb94b90e2486aeebfaf","0x6efb20f61b80f6a7ebe7a107bace58288a51fb34","120"
"0xfc7a38d5a6258f0181b27af9bd137cd82251429e54a14e0cbcd2bb9aeec4f032","8847623","1572540738","10/31/2019 4:52:18 PM","0x76f6f587e73b6da8b023096b4c5588204993ac80","0x6efb20f61b80f6a7ebe7a107bace58288a51fb34","120"
"0xe562735f10279f0d8b03cc2c263975dfffcc78a990d630bf573cfa21196d78fd","8847623","1572540738","10/31/2019 4:52:18 PM","0x86343f5991addb4b990cb1a0d65962146ecdf500","0x6efb20f61b80f6a7ebe7a107bace58288a51fb34","8885.772785"
"0x7bea244c3399e40029d18a5765c7f2e95f7905731ce8a4860e3563f5e9256ac8","8847623","1572540738","10/31/2019 4:52:18 PM","0xc97a4c53bf42001f42318192798644e58ec614c3","0x6efb20f61b80f6a7ebe7a107bace58288a51fb34","3029.072998"
"0x3c28b9577d34ec84f5821bd752e41e5eaa159e1abfe4c841514f26c6cf61ea8b","8847623","1572540738","10/31/2019 4:52:18 PM","0x0b7253a3d8c982563f8464afda478185777ca3bc","0x6efb20f61b80f6a7ebe7a107bace58288a51fb34","8.99"
"0x2e649c8421fdca5fd8d4643040076e28a97a759ac9b7edb90ab35a77aa2ad3e4","8847623","1572540738","10/31/2019 4:52:18 PM","0x3fe00d05dccee8a1e6182add8147750a0d7a89af","0x6efb20f61b80f6a7ebe7a107bace58288a51fb34","2999.99"
"0x3cde9141d5ed21a6ed5722f4be2bbfc2619085393aa3b7e1872173aebe013dff","8847623","1572540738","10/31/2019 4:52:18 PM","0xc1b5f9363e86e295792d6e07c0745c3e8d651c84","0x6efb20f61b80f6a7ebe7a107bace58288a51fb34","2221.975041"
"0xfd2f33246c18ea19e2ec3674a9db55aea681c57ff22afdeaec2e64ee8b9bc2bd","8847623","1572540738","10/31/2019 4:52:18 PM","0x945aae2b73839948d7a86bc2c2ead2618c4c8868","0x6efb20f61b80f6a7ebe7a107bace58288a51fb34","5145.052698"
"0xc3c0f7215e3b05b142a1645638d3d702cadaf890a82a6e5a5331f554e7a10018","8847663","1572541317","10/31/2019 5:01:57 PM","0x046986010b2b11dd867a8b32d34e33de97fbd261","0x6efb20f61b80f6a7ebe7a107bace58288a51fb34","498.99"
"0x0353e626aef969e34156277792b5088da4efaa0b081396d4ca07551c104337fa","8847679","1572541581","10/31/2019 5:06:21 PM","0x3ea4ba8770d18d3848ae170c39e67a09111db4bd","0x6efb20f61b80f6a7ebe7a107bace58288a51fb34","13600"
"0xe14102ee5ebb6dc09500b5741e4908d96dfb5c7a95fbca77dccef6133e167cd3","8847679","1572541581","10/31/2019 5:06:21 PM","0x0b7253a3d8c982563f8464afda478185777ca3bc","0x6efb20f61b80f6a7ebe7a107bace58288a51fb34","11776.944081"
"0x2b8ef7ad8223ba9769fc634ed76b83e9362cd183679e6c44e762206c17bf2b74","8847700","1572541904","10/31/2019 5:11:44 PM","0xc1b5f9363e86e295792d6e07c0745c3e8d651c84","0x6efb20f61b80f6a7ebe7a107bace58288a51fb34","2274.338705"
"0xb3f9b19c4a665c4094bde40c190632d9813995f50e49f159f3b3cc5978f02cde","8847716","1572542150","10/31/2019 5:15:50 PM","0x046986010b2b11dd867a8b32d34e33de97fbd261","0x6efb20f61b80f6a7ebe7a107bace58288a51fb34","3499"
"0x34f91ebcd1b3ec42b544b14a581c1c001344ef80f8bcdd17f8976aee6c538e42","8847716","1572542150","10/31/2019 5:15:50 PM","0x3ea4ba8770d18d3848ae170c39e67a09111db4bd","0x6efb20f61b80f6a7ebe7a107bace58288a51fb34","4964.17"
"0xce907ee90dbdbd6ab19c77828bdac76ffeb1fbb687bb1fce1346774df88aa3b0","8847734","1572542522","10/31/2019 5:22:02 PM","0x6efb20f61b80f6a7ebe7a107bace58288a51fb34","0x43306e47dfe34f92650f87fd4392c12ab7861438","336.08"
"0x2b3b923a784640ddefbaa4e19396aa5d5ee61174636a60d0a8ff54d3520c26e1","8847755","1572542736","10/31/2019 5:25:36 PM","0x71b625004819de561ccd1dc9787d77d02b6ab12a","0x6efb20f61b80f6a7ebe7a107bace58288a51fb34","1500"
"0xa31b812bc4760693eae80f10037512ac62028a3b38a1eeadec6548bfbf0274c4","8847971","1572545583","10/31/2019 6:13:03 PM","0x6efb20f61b80f6a7ebe7a107bace58288a51fb34","0x1f21ef401ef5e3b56f62c98cbc745d00b07ae25a","227"
"0xb42f40a37a66be291da4dabe8f10efd7cc2659c8e4a726815ff46d82b4f3a84e","8847993","1572545957","10/31/2019 6:19:17 PM","0x6efb20f61b80f6a7ebe7a107bace58288a51fb34","0x4fa7386ec8abe0bff0f92b5f846ba6ed5529e045","2828"
"0x83f84ca01cac719f20454e2cb6b710b4634a15974221bbd07a14ee09c34bb09a","8848061","1572546948","10/31/2019 6:35:48 PM","0x6efb20f61b80f6a7ebe7a107bace58288a51fb34","0x1e52a98930b0ff0d8c6e2fde396f9906294ded24","134.73"
"0x5bd3c58b86a481dd792611364ab35184b1b68b7a9b9412859ddbd5b1bb5f0abe","8848267","1572549898","10/31/2019 7:24:58 PM","0x6efb20f61b80f6a7ebe7a107bace58288a51fb34","0x82a51bac77e1cf848ce8090c2c1c121ecb2f0260","824.29"
"0x5b71fbf916d804176f17797cc791536099c9f0c5255174404f36b9b4973e09cf","8848646","1572555421","10/31/2019 8:57:01 PM","0x6efb20f61b80f6a7ebe7a107bace58288a51fb34","0x3ee605b94f923012cfde3a2d35f61e21c604dc1f","1006"
"0xcd52c7e8c3356dc0be18e33eac6a28e63841eddc450d5c051d2b74164c34932b","8848791","1572557101","10/31/2019 9:25:01 PM","0x6efb20f61b80f6a7ebe7a107bace58288a51fb34","0x781ecb73e2084ae113425d39aa67829b8c1da793","1207.05"
"0x52b275acbc342c728b01791ecf042ba64785fef0a88f3d4c7b9631d354e1c875","8848964","1572559518","10/31/2019 10:05:18 PM","0x2348ac35d0367fbbe70fa0cc8353657aa742bb1b","0x6efb20f61b80f6a7ebe7a107bace58288a51fb34","159.99"
"0x734b013c803cc482bd149ebbb1046e2ceb1a0ea2976f547a66b9a2e8d0111373","8849081","1572561167","10/31/2019 10:32:47 PM","0x6efb20f61b80f6a7ebe7a107bace58288a51fb34","0x3ee605b94f923012cfde3a2d35f61e21c604dc1f","2135.37"
"0xeb3355615f7d647bc1c61fbb324b85c6d2c7dc81e3f812f66742de597835e24e","8849098","1572561481","10/31/2019 10:38:01 PM","0x4a444042eb1ef054a8c2c3eeabc191302a5799fa","0x6efb20f61b80f6a7ebe7a107bace58288a51fb34","360.2159"
"0x1b3e06e36f4022ca3b3510f56b563c9dfe98d6ce9b61201198c7fc4e9c75f371","8849149","1572562024","10/31/2019 10:47:04 PM","0x6efb20f61b80f6a7ebe7a107bace58288a51fb34","0xed34e381b46273232053f14b557071db39df7f8a","5106.4"
"0x6462a1c0bf3421c1ad92654f95120a0fc081cd21dcb90b7afb0f947b93808a41","8849300","1572563822","10/31/2019 11:17:02 PM","0x6efb20f61b80f6a7ebe7a107bace58288a51fb34","0xed34e381b46273232053f14b557071db39df7f8a","3679.99"
"0x2f54149e9f4757f3d6189d2880bb9949fe35646ecdb832b54496df23e3b35b04","8849347","1572564510","10/31/2019 11:28:30 PM","0x1a3d61bf56ad1cdc4b25b9a9cecea2a879a57310","0x6efb20f61b80f6a7ebe7a107bace58288a51fb34","2174.99"
"0xd27d5fa7e97fc0a21a9f0954273c50310cdfbb2b7cb815c464d527761c574f73","8849407","1572565393","10/31/2019 11:43:13 PM","0x7f42c10f3787ec738a134acd2f42814702f6cc37","0x6efb20f61b80f6a7ebe7a107bace58288a51fb34","150"
"0xbed60ad777774db899c5d7247dab777536e0e3809234f3f73ac6292f7f624a53","8849427","1572565620","10/31/2019 11:47:00 PM","0x6efb20f61b80f6a7ebe7a107bace58288a51fb34","0xed34e381b46273232053f14b557071db39df7f8a","4026.6"
"0x68f9d9f032a40dfc62548c187ba7a49e79b3dc50f939bb9ec912aa1e4669c287","8849446","1572565954","10/31/2019 11:52:34 PM","0x7093495a5a58b8be2aff49409dff931ae02b439d","0x6efb20f61b80f6a7ebe7a107bace58288a51fb34","1599.99"
